videoApperanceCount,videosDiggCountAvg,videosShareCountAvg,videosPlayCountAvg,videosCollectCountAvg,videosCommentCountAvg,videoDurationAvg,videosCaptionsCombinedText,combinedTextLanguage,authorMeta/digg,authorMeta/fans,authorMeta/following,authorMeta/friends,authorMeta/heart,authorMeta/id,authorMeta/name,authorMeta/nickName,authorMeta/signature,authorMeta/verified,authorMeta/video,authorMeta/profileUrl
1,2937.0,45.0,147400.0,87.0,67.0,100.0,#‡πÄ‡∏ö‡∏∑‡πà‡∏≠‡πÅ‡∏•‡πâ‡∏ß‡πÄ‡∏õ‡πá‡∏ô‡∏ú‡∏π‡πâ‡∏î‡∏π‡πÅ‡∏•‡∏Ñ‡∏ô‡πÑ‡∏Ç‡πâ ‡∏≠‡∏¢‡∏≤‡∏Å‡πÄ‡∏õ‡πá‡∏ô‡∏Ñ‡∏ô‡∏ó‡∏µ‡πà‡πÉ‡∏ä‡πà‡∏™‡∏±‡∏Å‡∏ó‡∏µ #‡∏û‡∏¢‡∏≤‡∏ö‡∏≤‡∏•‡∏î‡∏°‡∏¢‡∏≤ #‡∏´‡πâ‡∏≠‡∏á‡∏ú‡πà‡∏≤‡∏ï‡∏±‡∏î #unboxing,th,33800,1747,210,0,15500,7015738729403237378,namon5224,T√© nurse,,False,40,https://www.tiktok.com/@namon5224
1,67.0,13.0,38000.0,13.0,6.0,45.0,CPAP ‡∏Ñ‡∏∑‡∏≠ ‡πÄ‡∏Ñ‡∏£‡∏∑‡πà‡∏≠‡∏á‡∏ä‡πà‡∏ß‡∏¢‡∏´‡∏≤‡∏¢‡πÉ‡∏à‡πÅ‡∏£‡∏á‡∏î‡∏±‡∏ô‡∏ö‡∏ß‡∏Å‡∏ï‡πà‡∏≠‡πÄ‡∏ô‡∏∑‡πà‡∏≠‡∏á ‡πÄ‡∏õ‡πá‡∏ô‡∏≠‡∏∏‡∏õ‡∏Å‡∏£‡∏ì‡πå‡∏ó‡∏µ‡πà‡πÉ‡∏ä‡πâ‡∏™‡∏≥‡∏´‡∏£‡∏±‡∏ö‡∏£‡∏±‡∏Å‡∏©‡∏≤‡∏ú‡∏π‡πâ‡∏õ‡πà‡∏ß‡∏¢‡∏ó‡∏µ‡πà‡∏°‡∏µ‡∏†‡∏≤‡∏ß‡∏∞‡∏´‡∏¢‡∏∏‡∏î‡∏´‡∏≤‡∏¢‡πÉ‡∏à‡∏Ç‡∏ì‡∏∞‡∏´‡∏•‡∏±‡∏ö (Obstructive Sleep Apnea: OSA) ‡∏´‡∏•‡∏±‡∏Å‡∏Å‡∏≤‡∏£‡∏ó‡∏≥‡∏á‡∏≤‡∏ô‡∏Ç‡∏≠‡∏á CPAP ‡∏Ñ‡∏∑‡∏≠ ‡πÄ‡∏Ñ‡∏£‡∏∑‡πà‡∏≠‡∏á‡∏à‡∏∞‡∏õ‡∏•‡πà‡∏≠‡∏¢‡πÅ‡∏£‡∏á‡∏î‡∏±‡∏ô‡∏•‡∏°‡∏Ñ‡∏á‡∏ó‡∏µ‡πà‡∏ú‡πà‡∏≤‡∏ô‡∏ó‡∏≤‡∏á‡∏´‡∏ô‡πâ‡∏≤‡∏Å‡∏≤‡∏Å‡∏ó‡∏µ‡πà‡∏Ñ‡∏£‡∏≠‡∏ö‡∏à‡∏°‡∏π‡∏Å‡∏´‡∏£‡∏∑‡∏≠‡∏õ‡∏≤‡∏Å ‡πÄ‡∏û‡∏∑‡πà‡∏≠‡πÄ‡∏õ‡∏¥‡∏î‡∏ä‡πà‡∏≠‡∏á‡∏ó‡∏≤‡∏á‡πÄ‡∏î‡∏¥‡∏ô‡∏´‡∏≤‡∏¢‡πÉ‡∏à‡πÑ‡∏°‡πà‡πÉ‡∏´‡πâ‡∏ï‡∏µ‡∏ö‡∏´‡∏£‡∏∑‡∏≠‡∏õ‡∏¥‡∏î‡∏Ç‡∏ì‡∏∞‡∏´‡∏•‡∏±‡∏ö ‡∏•‡∏î‡∏Å‡∏≤‡∏£‡∏´‡∏¢‡∏∏‡∏î‡∏´‡∏≤‡∏¢‡πÉ‡∏à ‡πÅ‡∏•‡∏∞‡∏•‡∏î‡∏≠‡∏≤‡∏Å‡∏≤‡∏£‡∏Å‡∏£‡∏ô #CPAP #‡∏ô‡∏≠‡∏ô‡∏´‡∏•‡∏±‡∏ö‡πÄ‡∏ï‡πá‡∏°‡∏≠‡∏¥‡πà‡∏° #N30i #AirFit #‡∏´‡∏¢‡∏∏‡∏î‡∏´‡∏≤‡∏¢‡πÉ‡∏à‡∏ï‡∏≠‡∏ô‡∏ô‡∏≠‡∏ô #OSA #YH680 #‡∏´‡∏¢‡∏∏‡∏î‡∏´‡∏≤‡∏¢‡πÉ‡∏à‡∏Ç‡∏ì‡∏∞‡∏´‡∏•‡∏±‡∏ö #‡∏ô‡∏≠‡∏ô‡∏Å‡∏£‡∏ô #‡∏£‡∏µ‡∏ö‡πÄ‡∏•‡∏¢‡∏Å‡πà‡∏≠‡∏ô‡∏´‡∏°‡∏î #‡∏™‡∏∏‡∏Ç‡∏†‡∏≤‡∏û‡∏î‡∏µ‡πÄ‡∏£‡∏¥‡πà‡∏°‡∏ó‡∏µ‡πà‡πÄ‡∏£‡∏≤ #Elife #mask #‡πÅ‡∏ô‡∏∞‡∏ô‡πç‡∏≤ #‡πÄ‡∏°‡∏©‡∏≤,th,340,10400,1,0,36200,6805017332390315010,elifegear,elifegear,‡∏ù‡πà‡∏≤‡∏¢‡∏Ç‡∏≤‡∏¢ : 098-955-9149 / 095-348-0712,False,311,https://www.tiktok.com/@elifegear
4,1008.75,296.25,31154.0,433.75,89.25,59.0,‡∏≠‡∏∏‡∏õ‡∏Å‡∏£‡∏ì‡πå‡πÅ‡∏û‡∏ó‡∏¢‡πå‡∏ó‡∏µ‡πà‡∏Ñ‡∏ß‡∏£‡∏°‡∏µ‡∏ï‡∏¥‡∏î‡∏ö‡πâ‡∏≤‡∏ô #sunshinemedical #‡∏≠‡∏∏‡∏õ‡∏Å‡∏£‡∏ì‡πå‡∏Å‡∏≤‡∏£‡πÅ‡∏û‡∏ó‡∏¢‡πå #‡∏î‡∏π‡πÅ‡∏•‡∏™‡∏∏‡∏Ç‡∏†‡∏≤‡∏û #‡∏Ñ‡∏∏‡πâ‡∏°‡∏°‡∏≤‡∏Å #‡∏™‡πç‡∏≤‡∏•‡∏µ ‡∏≠‡∏∏‡∏õ‡∏Å‡∏£‡∏ì‡πå‡∏™‡∏≥‡∏´‡∏£‡∏±‡∏ö‡πÇ‡∏£‡∏á‡∏û‡∏¢‡∏≤‡∏ö‡∏≤‡∏•‡πÅ‡∏•‡∏∞‡∏Ñ‡∏•‡∏µ‡∏ô‡∏¥‡∏Ñ ‡∏ó‡∏µ‡πà‡∏ñ‡∏π‡∏Å‡∏™‡∏∏‡∏î‡πÜ ‡∏•‡∏î‡∏ï‡πâ‡∏ô‡∏ó‡∏∏‡∏ô‡∏™‡∏≥‡∏´‡∏£‡∏±‡∏ö‡∏Ñ‡∏∏‡∏ì‡∏´‡∏°‡∏≠‡∏ó‡∏∏‡∏Å‡πÜ‡∏ó‡πà‡∏≤‡∏ô #sunshinemedical #‡∏≠‡∏∏‡∏õ‡∏Å‡∏£‡∏ì‡πå‡∏Å‡∏≤‡∏£‡πÅ‡∏û‡∏ó‡∏¢‡πå #‡πÄ‡∏Ñ‡∏£‡∏∑‡πà‡∏≠‡∏á‡∏°‡∏∑‡∏≠‡πÅ‡∏û‡∏ó‡∏¢‡πå #‡∏™‡∏¥‡∏ô‡∏Ñ‡πâ‡∏≤‡∏™‡∏∏‡∏Ç‡∏†‡∏≤‡∏û #‡∏™‡∏∏‡∏Ç‡∏†‡∏≤‡∏û‡∏î‡∏µ #‡∏ñ‡∏∏‡∏á‡∏°‡∏∑‡∏≠‡∏¢‡∏≤‡∏á #‡∏™‡πç‡∏≤‡∏•‡∏µ #‡∏™‡πç‡∏≤‡∏•‡∏µ‡∏Å‡πâ‡∏≠‡∏ô #‡πÅ‡∏°‡∏™‡∏Å‡πå #‡∏´‡∏ô‡πâ‡∏≤‡∏Å‡∏≤‡∏Å ‡∏™‡∏¥‡∏ô‡∏Ñ‡πâ‡∏≤‡∏à‡∏≥‡πÄ‡∏õ‡πá‡∏ô‡∏™‡∏≥‡∏´‡∏£‡∏±‡∏ö‡∏ú‡∏π‡πâ‡∏™‡∏π‡∏á‡∏≠‡∏≤‡∏¢‡∏∏ ‡∏ó‡∏µ‡πà‡∏ä‡πà‡∏ß‡∏¢‡πÉ‡∏´‡πâ‡∏™‡∏∏‡∏Ç‡∏†‡∏≤‡∏û‡∏î‡∏µ‡∏Ç‡∏∂‡πâ‡∏ô‡πÑ‡∏î‡πâ #sunshinemedical #‡∏≠‡∏∏‡∏õ‡∏Å‡∏£‡∏ì‡πå‡∏Å‡∏≤‡∏£‡πÅ‡∏û‡∏ó‡∏¢‡πå #‡∏≠‡∏≤‡∏´‡∏≤‡∏£‡πÄ‡∏™‡∏£‡∏¥‡∏°‡πÄ‡∏û‡∏∑‡πà‡∏≠‡∏™‡∏∏‡∏Ç‡∏†‡∏≤‡∏û #‡∏ú‡∏π‡πâ‡∏™‡∏π‡∏á‡∏≠‡∏≤‡∏¢‡∏∏ #‡∏î‡∏π‡πÅ‡∏•‡∏™‡∏∏‡∏Ç‡∏†‡∏≤‡∏û ‡∏™‡∏¥‡∏ô‡∏Ñ‡πâ‡∏≤‡∏¢‡∏≠‡∏î‡∏ô‡∏¥‡∏¢‡∏°‡∏ó‡∏µ‡πà‡πÇ‡∏£‡∏á‡∏û‡∏¢‡∏≤‡∏ö‡∏≤‡∏•‡∏ó‡∏±‡πà‡∏ß‡∏õ‡∏£‡∏∞‡πÄ‡∏ó‡∏®‡∏ï‡πâ‡∏≠‡∏á‡∏°‡∏µ #sunshinemedical #‡∏≠‡∏∏‡∏õ‡∏Å‡∏£‡∏ì‡πå‡∏Å‡∏≤‡∏£‡πÅ‡∏û‡∏ó‡∏¢‡πå #‡πÄ‡∏Ñ‡∏£‡∏∑‡πà‡∏≠‡∏á‡∏°‡∏∑‡∏≠‡πÅ‡∏û‡∏ó‡∏¢‡πå #‡∏™‡∏¥‡∏ô‡∏Ñ‡πâ‡∏≤‡∏™‡∏∏‡∏Ç‡∏†‡∏≤‡∏û #‡∏™‡πÅ‡∏ï‡∏ô‡πÄ‡∏•‡∏™,th,1638,16200,6,0,71500,7382480010185557012,sunshine.med,Sunshine Medical,Sunshine Medical ‡∏à‡∏≥‡∏´‡∏ô‡πà‡∏≤‡∏¢‡∏≠‡∏∏‡∏õ‡∏Å‡∏£‡∏ì‡πå‡πÄ‡∏Ñ‡∏£‡∏∑‡πà‡∏≠‡∏á‡∏°‡∏∑‡∏≠‡πÅ‡∏û‡∏ó‡∏¢‡πå‡∏Ñ‡∏∏‡∏ì‡∏†‡∏≤‡∏û,False,1486,https://www.tiktok.com/@sunshine.med
1,91.0,74.0,13900.0,36.0,15.0,85.0,iNAP Sleep Therapy System ‡∏°‡∏µ‡∏õ‡∏±‡∏ç‡∏´‡∏≤‡πÄ‡∏£‡∏∑‡πà‡∏≠‡∏á ‡∏ô‡∏≠‡∏ô‡∏Å‡∏£‡∏ô ‡∏´‡∏£‡∏∑‡∏≠‡∏†‡∏≤‡∏ß‡∏∞‡∏´‡∏¢‡∏∏‡∏î‡∏´‡∏≤‡∏¢‡πÉ‡∏à‡∏Ç‡∏ì‡∏∞‡∏´‡∏•‡∏±‡∏ö ‡∏õ‡∏£‡∏∂‡∏Å‡∏©‡∏≤‡πÄ‡∏£‡∏≤ ùó∂ùó°ùóîùó£ ‡∏Ñ‡∏∑‡∏≠ ‡∏≠‡∏∏‡∏õ‡∏Å‡∏£‡∏ì‡πå‡∏Å‡∏≤‡∏£‡πÅ‡∏û‡∏ó‡∏¢‡πå (Medical device) ‡∏≠‡∏≠‡∏Å‡πÅ‡∏ö‡∏ö‡∏°‡∏≤‡πÄ‡∏û‡∏∑‡πà‡∏≠‡∏•‡∏î‡∏Å‡∏≤‡∏£‡∏≠‡∏∏‡∏î‡∏Å‡∏±‡πâ‡∏ô‡∏ó‡∏≤‡∏á‡πÄ‡∏îÔøΩÔøΩÔøΩ‡∏ô‡∏´‡∏≤‡∏¢‡πÉ‡∏à ‡∏ã‡∏∂‡πà‡∏á‡∏õ‡πá‡∏ô‡∏™‡∏≤‡πÄ‡∏´‡∏ï‡∏∏‡∏Ç‡∏≠‡∏á‡∏Å‡∏≤‡∏£‡∏ô‡∏≠‡∏ô‡∏Å‡∏£‡∏ô ‡∏î‡πâ‡∏ß‡∏¢‡πÄ‡∏ó‡∏Ñ‡πÇ‡∏ô‡πÇ‡∏•‡∏¢‡∏µ Intra Oral Negative Air Pressure (iNAP) ‡∏ä‡πà‡∏ß‡∏¢‡∏™‡∏£‡πâ‡∏≤‡∏á‡πÅ‡∏£‡∏á‡∏î‡∏π‡∏î‡∏≠‡∏≤‡∏Å‡∏≤‡∏®‡∏≠‡πà‡∏≠‡∏ô‡πÜ ‡∏ó‡∏µ‡πà‡∏ó‡∏≥‡πÉ‡∏´‡πâ‡∏•‡∏¥‡πâ‡∏ô‡πÅ‡∏•‡∏∞‡πÄ‡∏ô‡∏∑‡πâ‡∏≠‡πÄ‡∏¢‡∏∑‡πà‡∏≠‡∏≠‡∏¢‡∏π‡πà‡πÉ‡∏ô‡∏ï‡∏≥‡πÅ‡∏´‡∏ô‡πà‡∏á‡∏ó‡∏µ‡πà‡∏ó‡∏≥‡πÉ‡∏´‡πâ‡∏Ñ‡∏∏‡∏ì‡∏´‡∏≤‡∏¢‡πÉ‡∏à‡πÑ‡∏î‡πâ‡∏™‡∏∞‡∏î‡∏ß‡∏Å‡∏Ç‡∏∂‡πâ‡∏ô ‡∏•‡∏î‡∏≠‡∏±‡∏ï‡∏£‡∏≤‡∏†‡∏≤‡∏ß‡∏∞‡∏≠‡∏≤‡∏Å‡∏≤‡∏£‡∏´‡∏¢‡∏∏‡∏î‡∏´‡∏≤‡∏¢‡πÉ‡∏à‡∏Ç‡∏ì‡∏∞‡∏´‡∏•‡∏±‡∏ö ùó∂ùó°ùóîùó£ ‡πÉ‡∏ä‡πâ‡∏á‡∏≤‡∏ô‡∏á‡πà‡∏≤‡∏¢ ‡πÑ‡∏°‡πà‡∏ï‡πâ‡∏≠‡∏á‡∏™‡∏ß‡∏°‡∏´‡∏ô‡πâ‡∏≤‡∏Å‡∏≤‡∏Å ‡∏Ç‡∏ô‡∏≤‡∏î‡πÄ‡∏•‡πá‡∏Å‡∏û‡∏Å‡∏û‡∏≤‡∏™‡∏∞‡∏î‡∏ß‡∏Å ‡∏ó‡∏≥‡∏á‡∏≤‡∏ô‡∏î‡πâ‡∏ß‡∏¢‡πÅ‡∏ö‡∏ï‡πÄ‡∏ï‡∏≠‡∏£‡∏µ‡πà ‡πÑ‡∏£‡πâ‡πÄ‡∏™‡∏µ‡∏¢‡∏á‡∏£‡∏ö‡∏Å‡∏ß‡∏ô ‡∏•‡∏î‡∏≠‡∏±‡∏ï‡∏£‡∏≤‡∏≠‡∏≤‡∏Å‡∏≤‡∏£‡∏´‡∏¢‡∏∏‡∏î‡∏´‡∏≤‡∏¢‡πÉ‡∏à‡∏Ç‡∏ì‡∏∞‡∏´‡∏•‡∏±‡∏ö ùó∂ùó°ùóîùó£ One Sleep Therapy System ‡∏£‡∏∏‡πà‡∏ô NP-R07-A ‡πÑ‡∏î‡πâ‡∏£‡∏±‡∏ö‡πÉ‡∏ö‡πÅ‡∏à‡πâ‡∏á‡∏£‡∏≤‡∏¢‡∏Å‡∏≤‡∏£‡∏•‡∏∞‡πÄ‡∏≠‡∏µ‡∏¢‡∏î‡∏à‡∏≤‡∏Å‡∏™‡∏≥‡∏ô‡∏±‡∏Å‡∏á‡∏≤‡∏ô‡∏Ñ‡∏ì‡∏∞‡∏Å‡∏£‡∏£‡∏°‡∏Å‡∏≤‡∏£‡∏≠‡∏≤‡∏´‡∏≤‡∏£‡πÅ‡∏•‡∏∞‡∏¢‡∏≤ (‡∏≠‡∏¢.) ‡∏õ‡∏£‡∏∞‡πÄ‡∏ó‡∏®‡πÑ‡∏ó‡∏¢ ‡πÄ‡∏•‡∏Ç‡∏ó‡∏µ‡πà 66-2-2-2-0005787 ‡πÉ‡∏ö‡∏≠‡∏ô‡∏∏‡∏ç‡∏≤‡∏ï‡πÄ‡∏•‡∏Ç‡∏ó‡∏µ‡πà ‡∏Ü‡∏û.274/2567 ‡∏°‡∏µ‡∏õ‡∏±‡∏ç‡∏´‡∏≤‡πÄ‡∏£‡∏∑‡πà‡∏≠‡∏á‡∏ô‡∏≠‡∏ô‡∏Å‡∏£‡∏ô ‡∏õ‡∏£‡∏∂‡∏Å‡∏©‡∏≤‡πÄ‡∏£‡∏≤ iNAP Thailand Website: ‡πÇ‡∏ó‡∏£: 094-535-9797 #iNAP #iNAPThailand #‡πÄ‡∏Ñ‡∏£‡∏∑‡πà‡∏≠‡∏á‡∏ä‡πà‡∏ß‡∏¢‡∏•‡∏î‡∏ô‡∏≠‡∏ô‡∏Å‡∏£‡∏ô #‡∏ô‡∏ß‡∏±‡∏ï‡∏Å‡∏£‡∏£‡∏°‡πÉ‡∏´‡∏°‡πà #WellsleepingWellbeing #OSA #‡πÇ‡∏£‡∏Ñ‡∏´‡∏¢‡∏∏‡∏î‡∏´‡∏≤‡∏¢‡πÉ‡∏à‡∏Ç‡∏ì‡∏∞‡∏´‡∏•‡∏±‡∏ö ‡∏Ñ‡∏≥‡πÄ‡∏ï‡∏∑‡∏≠‡∏ô: ‡∏≠‡πà‡∏≤‡∏ô‡∏Ñ‡∏≥‡πÄ‡∏ï‡∏∑‡∏≠‡∏ô‡πÅ‡∏•‡∏∞‡πÄ‡∏≠‡∏Å‡∏™‡∏≤‡∏£‡∏Å‡∏≥‡∏Å‡∏±‡∏ö‡πÄ‡∏Ñ‡∏£‡∏∑‡πà‡∏≠‡∏á‡∏°‡∏∑‡∏≠‡πÅ‡∏û‡∏ó‡∏¢‡πå‡∏Å‡πà‡∏≠‡∏ô‡πÉ‡∏ä‡πâ‡∏á‡∏≤‡∏ô ‡πÅ‡∏û‡∏ó‡∏¢‡πå‡∏Ñ‡∏ß‡∏£‡∏û‡∏¥‡∏à‡∏≤‡∏£‡∏ì‡∏≤‡∏à‡∏≤‡∏Å‡∏õ‡∏£‡∏∞‡∏ß‡∏±‡∏ï‡∏¥‡∏ó‡∏≤‡∏á‡∏Å‡∏≤‡∏£‡πÅ‡∏û‡∏ó‡∏¢‡πå‡πÅ‡∏•‡∏∞‡∏≠‡∏≤‡∏Å‡∏≤‡∏£‡∏Ç‡∏≠‡∏á‡∏ú‡∏π‡πâ‡∏õ‡πà‡∏ß‡∏¢‡∏£‡∏ß‡∏°‡∏ñ‡∏∂‡∏á‡πÅ‡∏ï‡πà‡πÑ‡∏°‡πà‡∏à‡∏≥‡∏Å‡∏±‡∏î‡πÄ‡∏û‡∏µ‡∏¢‡∏á‡∏õ‡∏£‡∏∞‡∏ß‡∏±‡∏ï‡∏¥‡∏Ç‡∏≠‡∏á‡πÇ‡∏£‡∏Ñ‡∏´‡∏≠‡∏ö‡∏´‡∏∑‡∏î ‡πÑ‡∏ã‡∏ô‡∏±‡∏™‡∏≠‡∏±‡∏Å‡πÄ‡∏™‡∏ö ‡∏Å‡∏≤‡∏£‡∏≠‡∏∏‡∏î‡∏ï‡∏±‡∏ô‡∏Ç‡∏≠‡∏á‡∏à‡∏°‡∏π‡∏Å ‡∏Å‡∏≤‡∏£‡∏´‡∏≤‡∏¢‡πÉ‡∏à‡∏´‡∏£‡∏∑‡∏≠‡∏Ñ‡∏ß‡∏≤‡∏°‡∏ú‡∏¥‡∏î‡∏õ‡∏Å‡∏ï‡∏¥‡∏Ç‡∏≠‡∏á‡∏£‡∏∞‡∏ö‡∏ö‡∏ó‡∏≤‡∏á‡πÄ‡∏î‡∏¥‡∏ô‡∏´‡∏≤‡∏¢‡πÉ‡∏à ‡∏´‡∏£‡∏∑‡∏≠‡∏õ‡∏±‡∏ç‡∏´‡∏≤‡∏™‡∏∏‡∏Ç‡∏†‡∏≤‡∏û‡∏≠‡∏∑‡πà‡∏ô ‡πÜ ‡∏ó‡∏µ‡πà‡πÄ‡∏Å‡∏µ‡πà‡∏¢‡∏ß‡∏Ç‡πâ‡∏≠‡∏á‡πÅ‡∏•‡∏∞‡∏™‡πà‡∏á‡∏ú‡∏•‡∏ï‡πà‡∏≠‡∏ú‡∏π‡πâ‡∏õ‡πà‡∏ß‡∏¢‡πÑ‡∏õ‡∏¢‡∏±‡∏á‡∏ú‡∏π‡πâ‡πÉ‡∏´‡πâ‡∏ö‡∏£‡∏¥‡∏Å‡∏≤‡∏£‡∏î‡πâ‡∏≤‡∏ô‡∏™‡∏∏‡∏Ç‡∏†‡∏≤‡∏û‡∏ó‡∏µ‡πà‡πÄ‡∏´‡∏°‡∏≤‡∏∞‡∏™‡∏°‡∏Å‡πà‡∏≠‡∏ô‡∏Å‡∏≥‡∏´‡∏ô‡∏î‡∏£‡∏∞‡∏ö‡∏ö‡∏ô‡∏µ‡πâ ‡∏Ç‡πâ‡∏≠‡∏´‡πâ‡∏≤‡∏°‡πÉ‡∏ä‡πâ: ‡∏Å‡∏≤‡∏£‡πÉ‡∏ä‡πâ‡∏á‡∏≤‡∏ô iNAP one sleep therapy system ‡∏°‡∏µ‡∏Ç‡πâ‡∏≠‡∏´‡πâ‡∏≤‡∏°‡πÉ‡∏ô‡πÇ‡∏£‡∏Ñ‡∏ú‡∏π‡πâ‡∏õ‡πà‡∏ß‡∏¢‡πÇ‡∏£‡∏Ñ‡∏ó‡∏≤‡∏á‡πÄ‡∏î‡∏¥‡∏ô‡∏´‡∏≤‡∏¢‡πÉ‡∏à‡∏£‡∏∏‡∏ô‡πÅ‡∏£‡∏á ‡πÄ‡∏ä‡πà‡∏ô ‡∏õ‡∏≠‡∏î‡∏£‡∏∏‡∏ô‡πÅ‡∏£‡∏á‡πÇ‡∏£‡∏Ñ‡∏õ‡∏≠‡∏î‡∏ö‡∏ß‡∏°‡πÄ‡∏õ‡πá‡∏ô‡∏ï‡πâ‡∏ô ‡∏Ç‡πâ‡∏≠‡∏Ñ‡∏ß‡∏£‡∏£‡∏∞‡∏ß‡∏±‡∏á: ‡πÄ‡∏û‡∏∑‡πà‡∏≠‡∏Ñ‡∏ß‡∏≤‡∏°‡∏õ‡∏•‡∏≠‡∏î‡∏†‡∏±‡∏¢‡∏Ç‡∏≠‡∏á‡∏Ñ‡∏∏‡∏ì ‡πÇ‡∏õ‡∏£‡∏î‡∏õ‡∏è‡∏¥‡∏ö‡∏±‡∏ï‡∏¥‡∏ï‡∏≤‡∏°‡∏Ç‡πâ‡∏≠‡∏Ñ‡∏ß‡∏£‡∏£‡∏∞‡∏ß‡∏±‡∏á‡∏ï‡∏£‡∏ß‡∏à‡∏™‡∏≠‡∏ö‡∏£‡∏∞‡∏ö‡∏ö‡πÄ‡∏õ‡πá‡∏ô‡∏õ‡∏£‡∏∞‡∏à‡∏≥‡πÄ‡∏°‡∏∑‡πà‡∏≠‡πÉ‡∏ä‡πâ‡∏á‡∏≤‡∏ô‡∏™‡∏≥‡∏´‡∏£‡∏±‡∏ö‡∏Å‡∏≤‡∏£‡∏ó‡∏≥‡∏á‡∏≤‡∏ô‡∏Ç‡∏≠‡∏á‡∏õ‡∏±‡πä‡∏°‡∏™‡∏ñ‡∏≤‡∏ô‡∏∞‡πÅ‡∏ö‡∏ï‡πÄ‡∏ï‡∏≠‡∏£‡∏µ‡πà‡∏Ñ‡∏ß‡∏≤‡∏°‡∏™‡∏°‡∏ö‡∏π‡∏£‡∏ì‡πå‡∏Ç‡∏≠‡∏á ‡∏≠‡∏¥‡∏ô‡πÄ‡∏ï‡∏≠‡∏£‡πå‡πÄ‡∏ü‡∏ã ‡πÅ‡∏•‡∏∞‡∏õ‡∏£‡∏∞‡πÄ‡∏†‡∏ó / ‡∏õ‡∏£‡∏¥‡∏°‡∏≤‡∏ì‡∏Ç‡∏≠‡∏á‡∏™‡∏≤‡∏£‡∏´‡∏•‡∏±‡πà‡∏á,th,12,695,0,0,702,7326877793760052230,inapthailand,iNAPThailand,‡∏Ñ‡∏ß‡∏≤‡∏°‡∏£‡∏π‡πâ‡∏î‡∏µ‡πÜ‡∏™‡∏≥‡∏´‡∏£‡∏±‡∏ö‡∏Ñ‡∏ô‡∏ô‡∏≠‡∏ô‡∏Å‡∏£‡∏ô‡πÉ‡∏ô 1 ‡∏ô‡∏≤‡∏ó‡∏µ,False,44,https://www.tiktok.com/@inapthailand
1,615.0,247.0,50600.0,92.0,40.0,57.0,Ô∏è ‡πÄ‡∏Ñ‡∏£‡∏∑‡πà‡∏≠‡∏á‡∏ü‡∏≠‡∏Å‡∏≠‡∏≤‡∏Å‡∏≤‡∏®‡∏ä‡∏ô‡∏¥‡∏î‡∏´‡πâ‡∏≠‡∏¢‡∏Ñ‡∏≠ ‡πÉ‡∏ä‡πâ‡πÑ‡∏î‡πâ‡∏ú‡∏•‡∏à‡∏£‡∏¥‡∏á‡∏´‡∏£‡∏∑‡∏≠‡πÑ‡∏°‡πà? Ô∏è ‡∏´‡∏•‡∏≤‡∏¢‡∏Ñ‡∏ô‡∏≠‡∏≤‡∏à‡∏™‡∏á‡∏™‡∏±‡∏¢‡∏ß‡πà‡∏≤‡πÄ‡∏Ñ‡∏£‡∏∑‡πà‡∏≠‡∏á‡∏ü‡∏≠‡∏Å‡∏≠‡∏≤‡∏Å‡∏≤‡∏®‡∏ä‡∏ô‡∏¥‡∏î‡∏´‡πâ‡∏≠‡∏¢‡∏Ñ‡∏≠‡∏ä‡πà‡∏ß‡∏¢‡∏Å‡∏£‡∏≠‡∏á PM 2.5 ‡πÑ‡∏î‡πâ‡∏î‡∏µ‡πÅ‡∏Ñ‡πà‡πÑ‡∏´‡∏ô ‡∏ü‡∏≠‡∏Å‡πÑ‡∏î‡πâ‡∏à‡∏£‡∏¥‡∏á‡πÄ‡∏´‡∏£‡∏≠ ‡∏ß‡∏±‡∏ô‡∏ô‡∏µ‡πâ‡∏´‡∏°‡∏≠‡∏•‡∏≠‡∏°‡∏°‡∏µ‡∏Ñ‡∏≥‡∏ï‡∏≠‡∏ö‡∏Ñ‡∏£‡∏±‡∏ö ‡∏ó‡∏≥‡πÑ‡∏°‡πÄ‡∏Ñ‡∏£‡∏∑‡πà‡∏≠‡∏á‡∏ü‡∏≠‡∏Å‡∏≠‡∏≤‡∏Å‡∏≤‡∏®‡∏ä‡∏ô‡∏¥‡∏î‡∏´‡πâ‡∏≠‡∏¢‡∏Ñ‡∏≠‡πÑ‡∏°‡πà‡∏ï‡∏≠‡∏ö‡πÇ‡∏à‡∏ó‡∏¢‡πå ‡∏õ‡∏±‡∏ç‡∏´‡∏≤‡∏ù‡∏∏‡πà‡∏ô PM2.5 ? ‡∏õ‡∏£‡∏∞‡∏™‡∏¥‡∏ó‡∏ò‡∏¥‡∏†‡∏≤‡∏û‡∏à‡∏≥‡∏Å‡∏±‡∏î: ‡πÄ‡∏Ñ‡∏£‡∏∑‡πà‡∏≠‡∏á‡∏ü‡∏≠‡∏Å‡∏ä‡∏ô‡∏¥‡∏î‡∏ô‡∏µ‡πâ‡∏Å‡∏£‡∏≠‡∏á‡∏≠‡∏≤‡∏Å‡∏≤‡∏®‡πÑ‡∏î‡πâ‡πÅ‡∏Ñ‡πà‡∏ö‡∏£‡∏¥‡πÄ‡∏ß‡∏ì‡πÉ‡∏Å‡∏•‡πâ‡πÜ‡∏ï‡πâ‡∏ô‡∏Ñ‡∏≠‡πÄ‡∏ó‡πà‡∏≤‡∏ô‡∏±‡πâ‡∏ô ‡πÑ‡∏°‡πà‡∏™‡∏≤‡∏°‡∏≤‡∏£‡∏ñ‡∏õ‡πâ‡∏≠‡∏á‡∏Å‡∏±‡∏ô PM 2.5 ‡∏£‡∏≠‡∏ö‡∏ï‡∏±‡∏ß‡∏ó‡∏µ‡πà‡πÄ‡∏£‡∏≤‡∏™‡∏π‡∏î‡πÄ‡∏Ç‡πâ‡∏≤‡∏õ‡∏≠‡∏î‡πÑ‡∏î‡πâ‡∏à‡∏£‡∏¥‡∏á‡∏Ñ‡∏£‡∏±‡∏ö ‡πÑ‡∏°‡πà‡∏°‡∏µ‡∏Ñ‡∏≥‡πÅ‡∏ô‡∏∞‡∏ô‡∏≥‡∏à‡∏≤‡∏Å‡∏™‡∏°‡∏≤‡∏Ñ‡∏°‡∏™‡∏∏‡∏Ç‡∏†‡∏≤‡∏û‡πÉ‡∏î‡πÜ ‡πÉ‡∏´‡πâ‡πÉ‡∏ä‡πâ‡πÄ‡∏Ñ‡∏£‡∏∑‡πà‡∏≠‡∏á‡∏ü‡∏≠‡∏Å‡∏≠‡∏≤‡∏Å‡∏≤‡∏®‡∏ä‡∏ô‡∏¥‡∏î‡∏ô‡∏µ‡πâ‡πÄ‡∏û‡∏∑‡πà‡∏≠‡∏õ‡πâ‡∏≠‡∏á‡∏Å‡∏±‡∏ô PM2.5 ‡∏£‡∏≤‡∏Ñ‡∏≤‡πÅ‡∏û‡∏á: ‡πÄ‡∏Ñ‡∏£‡∏∑‡πà‡∏≠‡∏á‡∏ä‡∏ô‡∏¥‡∏î‡∏ô‡∏µ‡πâ‡∏°‡∏±‡∏Å‡∏°‡∏µ‡∏£‡∏≤‡∏Ñ‡∏≤‡∏™‡∏π‡∏á‡πÅ‡∏ï‡πà‡∏õ‡∏£‡∏∞‡∏™‡∏¥‡∏ó‡∏ò‡∏¥‡∏†‡∏≤‡∏û‡πÑ‡∏°‡πà‡∏Ñ‡∏∏‡πâ‡∏°‡∏Ñ‡πà‡∏≤‡∏Å‡∏±‡∏ö‡∏£‡∏≤‡∏Ñ‡∏≤‡πÄ‡∏•‡∏¢ ‡∏ó‡∏≤‡∏á‡πÄ‡∏•‡∏∑‡∏≠‡∏Å‡∏ó‡∏µ‡πà‡∏î‡∏µ‡∏Å‡∏ß‡πà‡∏≤‡πÄ‡∏û‡∏∑‡πà‡∏≠‡∏™‡∏∏‡∏Ç‡∏†‡∏≤‡∏û‡∏õ‡∏≠‡∏î‡∏Ç‡∏≠‡∏á‡∏Ñ‡∏∏‡∏ì: Ô∏è ‡∏•‡∏á‡∏ó‡∏∏‡∏ô‡πÉ‡∏ô‡πÄ‡∏Ñ‡∏£‡∏∑‡πà‡∏≠‡∏á‡∏ü‡∏≠‡∏Å‡∏≠‡∏≤‡∏Å‡∏≤‡∏®‡πÉ‡∏ô‡∏ö‡πâ‡∏≤‡∏ô: ‡∏ó‡∏µ‡πà‡∏™‡∏≤‡∏°‡∏≤‡∏£‡∏ñ‡∏Å‡∏£‡∏≠‡∏á‡∏≠‡∏≤‡∏Å‡∏≤‡∏®‡πÑ‡∏î‡πâ‡∏Ñ‡∏£‡∏≠‡∏ö‡∏Ñ‡∏•‡∏∏‡∏°‡πÅ‡∏•‡∏∞‡∏õ‡∏Å‡∏õ‡πâ‡∏≠‡∏á‡∏ó‡∏∏‡∏Å‡πÜ‡∏Ñ‡∏ô‡πÉ‡∏ô‡∏Ñ‡∏£‡∏≠‡∏ö‡∏Ñ‡∏£‡∏±‡∏ß‡πÑ‡∏î‡πâ Ô∏è ‡πÉ‡∏™‡πà‡∏´‡∏ô‡πâ‡∏≤‡∏Å‡∏≤‡∏Å‡∏≠‡∏ô‡∏≤‡∏°‡∏±‡∏¢‡πÄ‡∏°‡∏∑‡πà‡∏≠‡∏ï‡πâ‡∏≠‡∏á‡∏≠‡∏≠‡∏Å‡∏ô‡∏≠‡∏Å‡∏ö‡πâ‡∏≤‡∏ô: ‡πÄ‡∏•‡∏∑‡∏≠‡∏Å‡∏´‡∏ô‡πâ‡∏≤‡∏Å‡∏≤‡∏Å‡∏ó‡∏µ‡πà‡∏Å‡∏£‡∏≠‡∏á PM2.5 ‡πÑ‡∏î‡πâ ‡πÄ‡∏ä‡πà‡∏ô ‡∏´‡∏ô‡πâ‡∏≤‡∏Å‡∏≤‡∏Å N95 Ô∏è ‡∏•‡∏î‡∏Å‡∏≤‡∏£‡∏ó‡∏≥‡∏Å‡∏¥‡∏à‡∏Å‡∏£‡∏£‡∏°‡∏ô‡∏≠‡∏Å‡∏ö‡πâ‡∏≤‡∏ô‡πÉ‡∏ô‡∏ß‡∏±‡∏ô‡∏ó‡∏µ‡πà‡∏Ñ‡πà‡∏≤‡∏ù‡∏∏‡πà‡∏ô‡∏™‡∏π‡∏á: ‡∏´‡∏≤‡∏Å‡∏ï‡πâ‡∏≠‡∏á‡∏≠‡∏≠‡∏Å‡πÑ‡∏õ‡∏ô‡∏≠‡∏Å‡∏ö‡πâ‡∏≤‡∏ô ‡∏Ñ‡∏ß‡∏£‡∏£‡∏µ‡∏ö‡∏ó‡∏≥‡∏ò‡∏∏‡∏£‡∏∞‡πÅ‡∏•‡∏∞‡∏Å‡∏•‡∏±‡∏ö‡πÄ‡∏Ç‡πâ‡∏≤‡∏ö‡πâ‡∏≤‡∏ô‡πÇ‡∏î‡∏¢‡πÄ‡∏£‡πá‡∏ß‡∏Ñ‡∏£‡∏±‡∏ö ‡∏õ‡∏Å‡∏õ‡πâ‡∏≠‡∏á‡∏ï‡∏±‡∏ß‡πÄ‡∏≠‡∏á‡πÅ‡∏•‡∏∞‡∏Ñ‡∏ô‡∏ó‡∏µ‡πà‡∏Ñ‡∏∏‡∏ì‡∏£‡∏±‡∏Å‡∏à‡∏≤‡∏Å PM 2.5 ‡πÑ‡∏î‡πâ‡∏á‡πà‡∏≤‡∏¢ ‡πÜ ‡πÇ‡∏î‡∏¢‡πÑ‡∏°‡πà‡∏ï‡πâ‡∏≠‡∏á‡πÄ‡∏™‡∏µ‡∏¢‡πÄ‡∏á‡∏¥‡∏ô‡πÑ‡∏õ‡∏Å‡∏±‡∏ö‡∏≠‡∏∏‡∏õ‡∏Å‡∏£‡∏ì‡πå‡∏ó‡∏µ‡πà‡πÑ‡∏°‡πà‡πÑ‡∏î‡πâ‡∏ú‡∏•‡∏à‡∏£‡∏¥‡∏á ‡∏ä‡πà‡∏ß‡∏á‡∏ô‡∏µ‡πâ‡∏≠‡∏≤‡∏Å‡∏≤‡∏®‡πÄ‡∏£‡∏¥‡πà‡∏°‡πÄ‡∏¢‡πá‡∏ô ‡∏î‡∏π‡πÅ‡∏•‡∏™‡∏∏‡∏Ç‡∏†‡∏≤‡∏û‡∏Å‡∏±‡∏ô‡∏î‡πâ‡∏ß‡∏¢‡∏ô‡∏∞‡∏Ñ‡∏£‡∏±‡∏ö #EasyAllergy #PM25 #‡∏™‡∏∏‡∏Ç‡∏†‡∏≤‡∏û‡∏î‡∏µ #‡∏´‡∏ô‡πâ‡∏≤‡∏Å‡∏≤‡∏Å‡∏≠‡∏ô‡∏≤‡∏°‡∏±‡∏¢ #‡πÄ‡∏Ñ‡∏£‡∏∑‡πà‡∏≠‡∏á‡∏ü‡∏≠‡∏Å‡∏≠‡∏≤‡∏Å‡∏≤‡∏®‡πÅ‡∏ö‡∏ö‡∏´‡πâ‡∏≠‡∏¢‡∏Ñ‡∏≠ #‡πÄ‡∏Ñ‡∏£‡∏∑‡πà‡∏≠‡∏á‡∏ü‡∏≠‡∏Å‡∏≠‡∏≤‡∏Å‡∏≤‡∏® #‡∏ù‡∏∏‡πà‡∏ôPM25 #PM25 #‡∏°‡∏•‡∏†‡∏≤‡∏ß‡∏∞ #‡∏†‡∏π‡∏°‡∏¥‡πÅ‡∏û‡πâ #‡∏≠‡∏≤‡∏Å‡∏≤‡∏£‡∏†‡∏π‡∏°‡∏¥‡πÅ‡∏û‡πâ #‡∏†‡∏π‡∏°‡∏¥‡πÅ‡∏û‡πâ‡∏à‡∏°‡∏π‡∏Å,th,170,4143,29,0,29600,7251633294473823237,easyallergy,‡∏†‡∏π‡∏°‡∏¥‡πÅ‡∏û‡πâ‡∏á‡πà‡∏≤‡∏¢‡πÜ‡∏™‡πÑ‡∏ï‡∏•‡πå‡∏´‡∏°‡∏≠‡∏ù‡πâ‡∏≤‡∏¢‡∏´‡∏°‡∏≠‡∏•‡∏≠‡∏°,‡∏Ñ‡∏ß‡∏≤‡∏°‡∏£‡∏π‡πâ‡πÇ‡∏£‡∏Ñ‡πÄ‡∏î‡πá‡∏Å‡πÅ‡∏•‡∏∞‡πÇ‡∏£‡∏Ñ‡∏†‡∏π‡∏°‡∏¥‡πÅ‡∏û‡πâ ‡πÇ‡∏î‡∏¢‡∏Ñ‡∏∏‡∏ì‡∏´‡∏°‡∏≠,False,135,https://www.tiktok.com/@easyallergy
1,11700.0,7092.0,264900.0,2814.0,630.0,147.0,"""‡∏°‡∏ô‡∏∏‡∏©‡∏¢‡πå‡∏ï‡πà‡∏≤‡∏á‡∏ß‡∏±‡∏¢‡∏£‡∏µ‡∏ß‡∏¥‡∏ß"" ‡∏ö‡∏£‡∏¥‡∏Å‡∏≤‡∏£‡∏¢‡∏∑‡∏°‡∏≠‡∏∏‡∏õ‡∏Å‡∏£‡∏ì‡πå‡∏Å‡∏≤‡∏£‡πÅ‡∏û‡∏ó‡∏¢‡πå‡∏ü‡∏£‡∏µ ‡πÑ‡∏°‡πà‡∏ß‡πà‡∏≤‡πÉ‡∏Ñ‡∏£‡∏Å‡πá‡∏¢‡∏∑‡∏°‡πÑ‡∏î‡πâ ‡πÑ‡∏°‡πà‡∏°‡∏µ‡∏Ç‡πâ‡∏≠‡∏à‡∏≥‡∏Å‡∏±‡∏î #‡∏°‡∏ô‡∏∏‡∏©‡∏¢‡πå‡∏ï‡πà‡∏≤‡∏á‡∏ß‡∏±‡∏¢ #Manoottangwai #‡∏¢‡∏∑‡∏°‡∏≠‡∏∏‡∏õ‡∏Å‡∏£‡∏ì‡πå‡∏Å‡∏≤‡∏£‡πÅ‡∏û‡∏ó‡∏¢‡πå‡∏ü‡∏£‡∏µ #‡∏ï‡∏¥‡∏î‡πÄ‡∏ï‡∏µ‡∏¢‡∏á #‡∏î‡∏π‡πÅ‡∏•‡∏û‡πà‡∏≠‡πÅ‡∏°‡πà #‡∏≠‡∏∏‡∏õ‡∏Å‡∏£‡∏ì‡πå‡∏Å‡∏≤‡∏£‡πÅ‡∏û‡∏ó‡∏¢‡πå #‡∏™‡∏±‡∏á‡∏Ñ‡∏°‡∏™‡∏π‡∏á‡∏ß‡∏±‡∏¢ #‡∏™‡∏±‡∏á‡∏Ñ‡∏°‡∏î‡∏µ #‡πÄ‡∏û‡∏∑‡πà‡∏≠‡∏™‡∏±‡∏á‡∏Ñ‡∏° #tiktokcommunityth #tiktokuni",th,2,754800,0,0,15600000,6926152542348084226,manoottangwai,‡∏°‡∏ô‡∏∏‡∏©‡∏¢‡πå‡∏ï‡πà‡∏≤‡∏á‡∏ß‡∏±‡∏¢,‡∏ï‡∏¥‡∏î‡∏ï‡πà‡∏≠‡πÇ‡∏Ü‡∏©‡∏ì‡∏≤ marketing@boonmeritmedia.co.th 085-117-4290 (‡∏•‡∏¥‡∏•‡∏•‡∏µ‡πà),False,1342,https://www.tiktok.com/@manoottangwai
1,2247.0,50.0,38200.0,264.0,30.0,48.0,‡∏°‡∏µ‡∏™‡∏±‡∏Å‡∏Ñ‡∏π‡πà‡πÄ‡∏ñ‡∏≠‡∏∞‡∏ä‡∏µ‡∏ß‡∏¥‡∏ï‡∏î‡∏µ‡∏°‡∏≤‡∏ÅÔ∏è ‡∏à‡∏±‡∏ö‡πÄ‡∏ß‡∏ó‡∏´‡∏ô‡∏∂‡∏ö ‡πÑ‡∏°‡πà‡∏ï‡πâ‡∏≠‡∏á‡∏≠‡∏≠‡∏Å‡πÅ‡∏£‡∏á‡∏Å‡∏≥‡∏°‡∏≤‡∏Å #‡∏≠‡∏≠‡∏Å‡∏Å‡∏≥‡∏•‡∏±‡∏á‡∏Å‡∏≤‡∏¢ #‡∏≠‡∏≠‡∏Å‡∏Å‡πç‡∏≤‡∏•‡∏±‡∏á‡∏Å‡∏≤‡∏¢‡∏ó‡∏µ‡πà‡∏ö‡πâ‡∏≤‡∏ô #‡∏î‡∏π‡πÅ‡∏•‡∏ï‡∏±‡∏ß‡πÄ‡∏≠‡∏á #‡∏õ‡∏±‡πâ‡∏ô‡∏´‡∏∏‡πà‡∏ô‡πÅ‡∏ã‡πà‡∏ö #‡∏£‡∏±‡∏Å‡∏™‡∏∏‡∏Ç‡∏†‡∏≤‡∏û,th,8317,342100,184,0,4200000,6636166696665169922,carrot.papada,Carrot Papada,‡∏ä‡∏≠‡∏ö‡∏õ‡∏±‡πâ‡∏ô‡∏´‡∏∏‡πà‡∏ô ‡∏ï‡∏≤‡∏°‡πÑ‡∏ß‡πâ‡πÑ‡∏î‡πâ‡πÄ‡∏•‡∏¢ ‡∏ï‡∏¥‡∏î‡∏ï‡πà‡∏≠‡∏á‡∏≤‡∏ôline: @workwithme (with @),False,731,https://www.tiktok.com/@carrot.papada
1,2665.0,109.0,66300.0,414.0,12.0,51.0,‡πÄ‡∏•‡∏∑‡∏≠‡∏Å‡∏≠‡∏∏‡∏õ‡∏Å‡∏£‡∏ì‡πå‡∏Ñ‡∏≤‡∏î‡∏¥‡πÇ‡∏≠‡∏¢‡∏±‡∏á‡πÑ‡∏á‡∏î‡∏µ @homefittools_official #‡∏•‡∏î‡∏ô‡πâ‡∏≥‡∏´‡∏ô‡∏±‡∏Å #‡∏•‡∏î‡∏Ñ‡∏ß‡∏≤‡∏°‡∏≠‡πâ‡∏ß‡∏ô #‡∏≠‡∏≠‡∏Å‡∏Å‡∏≥‡∏•‡∏±‡∏á‡∏Å‡∏≤‡∏¢ #‡∏≠‡∏≠‡∏Å‡∏Å‡πç‡∏≤‡∏•‡∏±‡∏á‡∏Å‡∏≤‡∏¢‡∏ó‡∏µ‡πà‡∏ö‡πâ‡∏≤‡∏ô #‡∏î‡∏π‡πÅ‡∏•‡∏ï‡∏±‡∏ß‡πÄ‡∏≠‡∏á #‡πÇ‡∏Æ‡∏°‡∏ü‡∏¥‡∏ï‡∏ó‡∏π‡∏•‡∏™‡πå #homefittools #chanunptt #fyp,th,3907,137800,395,0,3300000,6809085208279024642,chanunptt,chanunptt,‡∏ú‡∏°‡πÄ‡∏Ñ‡∏¢‡∏´‡∏ô‡∏±‡∏Å 110 ‡∏´‡∏∏‡πà‡∏ô‡∏î‡∏µ‡πÑ‡∏°‡πà‡πÉ‡∏ä‡πà‡πÄ‡∏£‡∏∑‡πà‡∏≠‡∏á‡∏¢‡∏≤‡∏Å ‡πÅ‡∏Ñ‡πà‡πÄ‡∏£‡∏≤‡∏°‡∏µ‡∏Ñ‡∏ß‡∏≤‡∏°‡∏™‡∏∏‡∏Ç‡∏Å‡∏±‡∏ö‡πÄ‡∏™‡πâ‡∏ô‡∏ó‡∏≤‡∏á DM for workÔ∏èÔ∏è,False,478,https://www.tiktok.com/@chanunptt
1,4201.0,805.0,132700.0,2928.0,57.0,35.0,‡πÄ‡∏ä‡∏∑‡∏≠‡∏Å‡πÑ‡∏°‡πà‡∏°‡∏µ‡∏ó‡πà‡∏≤‡∏ï‡∏≤‡∏¢‡∏ï‡∏±‡∏ß ‡∏õ‡∏£‡∏±‡∏ö‡∏õ‡∏£‡∏∞‡∏¢‡∏∏‡∏Å‡∏ï‡πå‡πÑ‡∏î‡πâ‡∏ô‡πâ‡∏≤ @KruReboyong @KruReboyong @KruReboyong #CapCut #‡∏≠‡∏≠‡∏Å‡∏Å‡πç‡∏≤‡∏•‡∏±‡∏á‡∏Å‡∏≤‡∏¢‡∏ó‡∏µ‡πà‡∏ö‡πâ‡∏≤‡∏ô #‡∏≠‡∏∏‡∏õ‡∏Å‡∏£‡∏ì‡πå‡∏≠‡∏≠‡∏Å‡∏Å‡πç‡∏≤‡∏•‡∏±‡∏á‡∏Å‡∏≤‡∏¢ #‡πÄ‡∏Ñ‡∏£‡∏∑‡πà‡∏≠‡∏á‡∏≠‡∏≠‡∏Å‡∏Å‡πç‡∏≤‡∏•‡∏±‡∏á‡∏Å‡∏≤‡∏¢ #‡∏î‡∏π‡πÅ‡∏•‡∏ï‡∏±‡∏ß‡πÄ‡∏≠‡∏á #stepper,th,10900,61300,421,0,1100000,6939851864251417602,krureboyong,‡πÇ‡∏ö‡∏ß‡πå ‡∏Ñ‡∏£‡∏π‡∏ä‡∏≥‡∏ô‡∏≤‡∏ç‡∏Å‡∏≤‡∏£‡∏ß‡∏¥‡πà‡∏á,‚Äú‡∏°‡∏≤‡πÅ‡∏Å‡πà‡∏•‡∏á‡∏≠‡∏¢‡πà‡∏≤‡∏á‡∏™‡∏ß‡∏¢‡∏á‡∏≤‡∏°‡∏Å‡∏±‡∏ô‚Äù ‡πÑ‡∏•‡∏ü‡πå 2 ‡∏ó‡∏∏‡πà‡∏°(‡πÄ‡∏™‡∏≤‡∏£‡πå-‡∏≠‡∏≤‡∏ó‡∏¥‡∏ï‡∏¢‡πå 10 ‡πÇ‡∏°‡∏á ‡πÅ‡∏•‡∏∞ 2 ‡∏ó‡∏∏‡πà‡∏°‡∏Ñ‡πà‡∏≤),False,751,https://www.tiktok.com/@krureboyong
1,3289.0,1137.0,58900.0,1536.0,36.0,180.0,‡πÄ‡∏•‡πà‡∏ô Kettlebell ‡∏≠‡∏¢‡πà‡∏≤‡∏á‡∏ñ‡∏π‡∏Å‡∏ï‡πâ‡∏≠‡∏á ‡πÑ‡∏°‡πà‡πÉ‡∏´‡πâ‡∏õ‡∏ß‡∏î‡∏´‡∏•‡∏±‡∏á ‡∏Å‡∏±‡∏ö @@‡πÄ‡∏•‡πà‡∏ô‡πÄ‡∏ß‡∏ó‡∏Å‡∏±‡∏ö‡∏û‡∏µ‡πà‡∏≠‡∏≠‡∏ü ##kattlebell##‡∏≠‡∏≠‡∏Å‡∏Å‡πç‡∏≤‡∏•‡∏±‡∏á‡∏Å‡∏≤‡∏¢##‡∏ü‡∏¥‡∏ï‡∏´‡∏∏‡πà‡∏ô##‡∏ü‡∏¥‡∏ï‡πÄ‡∏ô‡∏™##‡∏î‡∏π‡πÅ‡∏•‡∏™‡∏∏‡∏Ç‡∏†‡∏≤‡∏û,th,63500,144600,3540,0,854000,7000945771635082266,noodi_vanessa,‡∏™‡∏°‡∏≠‡∏á‡∏î‡∏µ‡∏Å‡∏±‡∏ö‡∏´‡∏ô‡∏π‡∏î‡∏µ,‡∏´‡∏ô‡∏π‡∏î‡∏µ ‡∏ß‡∏ô‡∏¥‡∏©‡∏≤ ‡πÄ‡∏£‡∏ã HARVARD Grad ‡∏™‡∏°‡∏≠‡∏á&‡∏Å‡∏≤‡∏£‡πÄ‡∏£‡∏µ‡∏¢‡∏ô‡∏£‡∏π‡πâ LIVE ‡∏ó‡∏∏‡∏Å 8.00 ‡∏≠‡∏±‡∏á‡∏Ñ‡∏≤‡∏£/‡∏®‡∏∏‡∏Å‡∏£‡πå,False,732,https://www.tiktok.com/@noodi_vanessa
1,18500.0,1538.0,996500.0,2483.0,145.0,136.0,‡πÄ‡∏Ñ‡∏£‡∏∑‡πà‡∏≠‡∏á‡πÄ‡∏î‡∏¥‡∏ô‡∏ß‡∏á‡∏£‡∏µ ‡∏´‡∏£‡∏∑‡∏≠‡∏•‡∏π‡πà‡∏ß‡∏¥‡πà‡∏á ‡∏≠‡∏∞‡πÑ‡∏£‡∏•‡∏î‡πÑ‡∏î‡πâ‡πà‡∏î‡∏µ‡∏Å‡∏ß‡πà‡∏≤ #fitorfat #fitness #‡∏•‡∏î‡πÑ‡∏Ç‡∏°‡∏±‡∏ô #‡∏•‡∏î‡πÑ‡∏Ç‡∏°‡∏±‡∏ô‡∏™‡∏£‡πâ‡∏≤‡∏á‡∏Å‡∏•‡πâ‡∏≤‡∏°‡πÄ‡∏ô‡∏∑‡πâ‡∏≠ #‡∏™‡∏£‡πâ‡∏≤‡∏á‡∏Å‡∏•‡πâ‡∏≤‡∏°‡πÄ‡∏ô‡∏∑‡πâ‡∏≠ #‡∏™‡∏£‡πâ‡∏≤‡∏á‡∏Å‡∏•‡πâ‡∏≤‡∏°‡πÄ‡∏ô‡∏∑‡πâ‡∏≠‡∏•‡∏î‡πÑ‡∏Ç‡∏°‡∏±‡∏ô #‡∏™‡∏£‡πâ‡∏≤‡∏á‡∏Å‡∏•‡πâ‡∏≤‡∏°‡∏ó‡πâ‡∏≠‡∏á #‡∏≠‡∏≠‡∏Å‡∏Å‡πç‡∏≤‡∏•‡∏±‡∏á‡∏Å‡∏≤‡∏¢‡∏ó‡∏µ‡πà‡∏ö‡πâ‡∏≤‡∏ô #‡∏≠‡∏≠‡∏Å‡∏Å‡πç‡∏≤‡∏•‡∏±‡∏á‡∏Å‡∏≤‡∏¢ #‡πÄ‡∏ó‡∏£‡∏ô‡πÄ‡∏ô‡∏≠‡∏£‡πå #‡πÄ‡∏ó‡∏£‡∏ô‡∏≠‡∏≠‡∏Å‡∏Å‡πç‡∏≤‡∏•‡∏±‡∏á‡∏Å‡∏≤‡∏¢ #‡πÄ‡∏ó‡∏£‡∏ô‡πÄ‡∏ô‡∏≠‡∏£‡πå‡∏™‡πà‡∏ß‡∏ô‡∏ï‡∏±‡∏ß #‡πÄ‡∏ó‡∏£‡∏ô‡∏≠‡∏≠‡∏ô‡πÑ‡∏•‡∏ô‡πå‡∏õ‡∏±‡πâ‡∏ô‡∏´‡∏∏‡πà‡∏ô #‡πÇ‡∏õ‡∏£‡∏ï‡∏µ‡∏ô #‡πÇ‡∏õ‡∏£‡∏ï‡∏µ‡∏ô‡∏™‡∏£‡πâ‡∏≤‡∏á‡∏Å‡∏•‡πâ‡∏≤‡∏°‡πÄ‡∏ô‡∏∑‡πâ‡∏≠ #‡πÇ‡∏õ‡∏£‡∏ï‡∏µ‡∏ô‡∏•‡∏µ‡∏ô‡πÑ‡∏Ç‡∏°‡∏±‡∏ô‡∏™‡∏£‡πâ‡∏≤‡∏á‡∏Å‡∏•‡πâ‡∏≤‡∏°‡πÄ‡∏ô‡∏∑‡πâ‡∏≠ #‡∏•‡∏î‡∏û‡∏∏‡∏á #‡∏•‡∏î‡∏û‡∏∏‡∏á‡πÄ‡∏£‡πà‡∏á‡∏î‡πà‡∏ß‡∏ô #‡∏•‡∏î‡∏´‡∏∏‡πà‡∏ô,th,2567,505200,168,0,12200000,6702589104172139522,fit_or_fat,FITorFAT,‡∏ï‡∏¥‡∏î‡∏ï‡πà‡∏≠ ‡∏£‡∏µ‡∏ß‡∏¥‡∏ß ‡πÄ‡∏ó‡∏£‡∏ô‡∏≠‡∏≠‡∏ô‡πÑ‡∏•‡∏ô‡πå Line@ : @fitorfat ‡∏Ñ‡∏•‡∏¥‡∏Å(‡∏Å‡∏î‡πÄ‡∏õ‡∏¥‡∏î‡∏Ñ‡πâ‡∏≤‡∏á ‡πÅ‡∏•‡πâ‡∏ß‡∏Å‡∏î‡πÄ‡∏õ‡∏¥‡∏î‡∏•‡∏¥‡πâ‡∏á‡∏Å‡πå),False,1177,https://www.tiktok.com/@fit_or_fat
1,248400.0,11900.0,3100000.0,38800.0,496.0,42.0,‡πÉ‡∏Ñ‡∏£‡∏à‡∏∞‡πÑ‡∏õ‡πÄ‡∏î‡∏ó‡∏ï‡πâ‡∏≠‡∏á‡∏à‡∏î‡∏î‡πà‡∏ß‡∏ô‡πÄ‡∏•‡∏¢‡∏ô‡∏∞‡πÅ‡∏Å #‡∏Ñ‡∏π‡πà‡∏°‡∏∑‡∏≠‡πÄ‡∏ï‡∏£‡∏µ‡∏¢‡∏°‡∏î‡∏±‡∏á #‡πÄ‡∏à‡∏ô‡∏¥‡∏™‡πÄ‡∏à‡∏ì‡∏¥‡∏™‡∏ï‡∏≤ #‡πÄ‡∏à‡∏ô‡∏¥‡∏™ #‡∏ô‡πâ‡πç‡∏≤‡∏´‡∏≠‡∏° #tiktok,th,16,617300,4,0,22700000,7474414294287057937,projectkhondang,‡∏Ñ‡∏π‡πà‡∏°‡∏∑‡∏≠‡πÄ‡∏ï‡∏£‡∏µ‡∏¢‡∏°‡∏î‡∏±‡∏á,‡∏≠‡∏¢‡πà‡∏≤‡πÄ‡∏õ‡πá‡∏ô‡πÄ‡∏•‡∏¢‡∏î‡∏≤‡∏£‡∏≤ ‡∏°‡∏±‡∏ô‡πÄ‡∏´‡∏ô‡∏∑‡πà‡∏≠‡∏¢ ‡πÄ‡∏ä‡∏∑‡πà‡∏≠‡πÄ‡∏à‡∏ô‡∏™‡∏¥! @JANISTARRR @‡∏Ç‡πâ‡∏≤‡∏á‡∏ö‡πâ‡∏≤‡∏ô‡πÄ‡∏à‡∏ô‡∏ö‡∏¥‡∏ß‡∏ï‡∏µ‡πâ @Jane beauty.,False,194,https://www.tiktok.com/@projectkhondang
1,292400.0,10400.0,4300000.0,89700.0,1171.0,220.0,‡∏ö‡∏≠‡∏Å‡∏´‡∏°‡∏î‡πÅ‡∏•‡πâ‡∏ß‡πÑ‡∏õ‡∏•‡∏≠‡∏á‡∏•‡∏∞‡∏°‡∏≤‡πÅ‡∏ä‡∏£‡πå‡∏Å‡∏±‡∏ô! . #‡πÑ‡∏°‡πà‡∏°‡∏µ‡πÑ‡∏£‡∏ó‡∏∏‡∏Å‡∏Ñ‡∏ô‡πÅ‡∏Ñ‡πà‡∏≠‡∏¢‡∏≤‡∏Å‡πÄ‡∏•‡πà‡∏≤‡πÄ‡∏â‡∏¢‡πÜ #‡πÄ‡∏à‡∏ô‡∏¥‡∏™ #‡πÄ‡∏à‡∏ì‡∏¥‡∏™‡∏ï‡∏≤ #‡πÄ‡∏ó‡∏£‡∏ô‡∏î‡πå‡∏ß‡∏±‡∏ô‡∏ô‡∏µ‡πâ #‡∏ô‡πâ‡∏≥‡∏´‡∏≠‡∏° #‡∏£‡∏µ‡∏ß‡∏¥‡∏ß‡∏ô‡πâ‡∏≥‡∏´‡∏≠‡∏° #Tiktok‡∏õ‡πâ‡∏≤‡∏¢‡∏¢‡∏≤ #tiktokviral,th,2442,3400000,177,0,108200000,6804432432320136194,janistarrr,JANISTARRR,@‡∏Ñ‡∏π‡πà‡∏°‡∏∑‡∏≠‡πÄ‡∏ï‡∏£‡∏µ‡∏¢‡∏°‡∏î‡∏±‡∏á @Jane beauty. @‡∏Ç‡πâ‡∏≤‡∏á‡∏ö‡πâ‡∏≤‡∏ô‡πÄ‡∏à‡∏ô‡∏ö‡∏¥‡∏ß‡∏ï‡∏µ‡πâ,False,770,https://www.tiktok.com/@janistarrr
2,7013.0,182.0,1188150.0,746.5,19.0,42.5,#‡∏≠‡∏µ‡∏ü‡∏õ‡πâ‡∏≤‡∏¢‡∏¢‡∏≤ ‡∏£‡∏ß‡∏°‡∏ô‡πâ‡∏≥‡∏´‡∏≠‡∏°‡∏≠‡∏≠‡∏Å‡πÄ‡∏î‡∏ó‡∏°‡∏±‡∏î‡πÉ‡∏à‡πÅ‡∏ü‡∏ô ‡∏°‡∏≤‡∏î‡∏π‡∏Å‡∏±‡∏ô‡∏ß‡∏≤‡∏≤‡∏°‡∏µ‡∏ï‡∏±‡∏ß‡πÑ‡∏´‡∏ô‡∏ö‡πâ‡∏≤‡∏á #eveandboy #‡∏£‡∏µ‡∏ß‡∏¥‡∏ß‡∏ö‡∏¥‡∏ß‡∏ï‡∏µ‡πâ #tiktok‡∏ö‡∏¥‡∏ß‡∏ï‡∏µ‡πâ #eveandboyworldoffragrance2025 #fyp ‡∏°‡∏±‡∏î‡∏£‡∏ß‡∏°‡∏ô‡πâ‡∏≥‡∏´‡∏≠‡∏°‡∏≠‡∏≠‡∏Å‡πÄ‡∏î‡∏ó‡∏£‡∏±‡∏ö‡∏ß‡∏≤‡πÄ‡∏•‡∏ô‡πÑ‡∏ó‡∏ô‡πå#eveandboy #‡∏£‡∏µ‡∏ß‡∏¥‡∏ß‡∏ö‡∏¥‡∏ß‡∏ï‡∏µ‡πâ #tiktok‡∏ö‡∏¥‡∏ß‡∏ï‡∏µ‡πâ #‡∏õ‡πâ‡∏≤‡∏¢‡∏¢‡∏≤ #eveandboyworldoffragrance2024 #‡∏ô‡πâ‡∏≥‡∏´‡∏≠‡∏° #scentsofnewera #‡∏ß‡∏≤‡πÄ‡∏•‡∏ô‡πÑ‡∏ó‡∏ô‡πå,th,3386,678900,1,0,10500000,6529314423089545217,eveandboy,EVEANDBOY TH,No.1 Beauty Store in Thailand ‡∏î‡∏≤‡∏ß‡∏ô‡πå‡πÇ‡∏´‡∏•‡∏î‡πÅ‡∏≠‡∏õ EVEANDBOY ‡∏Ñ‡∏•‡∏¥‡∏Å,True,6352,https://www.tiktok.com/@eveandboy
3,15888.0,784.0,455166.6666666667,3784.0,94.66666666666667,106.0,‡∏ô‡πâ‡∏≥‡∏´‡∏≠‡∏°‡∏ú‡∏π‡πâ‡∏´‡∏ç‡∏¥‡∏á‡∏Å‡∏•‡∏¥‡πà‡∏ô‡πÄ‡∏¢‡πâ‡∏≤‡∏¢‡∏ß‡∏ô(‡πÅ‡∏ö‡∏ö‡πÅ‡∏û‡∏á‡πÜ) #‡∏ô‡πâ‡πç‡∏≤‡∏´‡∏≠‡∏°‡∏ú‡∏π‡πâ‡∏´‡∏ç‡∏¥‡∏á #‡∏£‡∏µ‡∏ß‡∏¥‡∏ß‡∏ô‡πâ‡πç‡∏≤‡∏´‡∏≠‡∏° #‡∏ô‡πâ‡∏≥‡∏´‡∏≠‡∏°‡∏≠‡∏≠‡∏Å‡πÄ‡∏î‡∏ó #‡∏ô‡πâ‡πç‡∏≤‡∏´‡∏≠‡∏°‡πÄ‡∏ó‡∏µ‡πà‡∏¢‡∏ß‡∏Å‡∏•‡∏≤‡∏á‡∏Ñ‡∏∑‡∏ô #‡∏ô‡πâ‡∏≥‡∏´‡∏≠‡∏°‡∏ú‡∏π‡πâ‡∏ä‡∏≤‡∏¢‡∏ä‡∏≠‡∏ö #‡∏£‡∏µ‡∏ß‡∏¥‡∏ß‡∏ö‡∏¥‡∏ß‡∏ï‡∏µ‡πâ‡πÉ‡∏ôtiktok #perfumetok #‡∏Ñ‡∏•‡∏≤‡∏™‡πÅ‡∏ü‡∏ä‡∏±‡πà‡∏ô #‡∏ô‡πâ‡∏≥‡∏´‡∏≠‡∏°‡πÄ‡∏ã‡πá‡∏Å‡∏ã‡∏µ‡πà #sipassione #sipassioneintense #‡πÄ‡∏ó‡∏µ‡πà‡∏¢‡∏ß‡∏Å‡∏•‡∏≤‡∏á‡∏Ñ‡∏∑‡∏ô #‡∏ö‡∏≤‡∏£‡πå‡∏•‡∏±‡∏ö #‡∏ú‡∏±‡∏ö #nightout #clubbing #fragrancetiktok #ArmaniBeautyThailand #ArmaniBeautyTH #WhatMakesYourHeartBeat 3 ‡∏ô‡πâ‡∏≥‡∏´‡∏≠‡∏°‡∏Å‡∏•‡∏¥‡πà‡∏ô‡∏ï‡∏¥‡∏î‡∏ó‡∏ô‡∏´‡∏≠‡∏°‡∏ü‡∏∏‡πâ‡∏á‡∏à‡∏ô‡∏Ñ‡∏ô‡∏ó‡∏±‡∏Å‡∏ï‡∏•‡∏≠‡∏î! ‡∏ä‡∏°‡∏£‡∏µ‡∏ß‡∏¥‡∏ß‡∏â‡∏ö‡∏±‡∏ö‡πÄ‡∏ï‡πá‡∏°‡πÑ‡∏î‡πâ‡∏ó‡∏µ‡πà Youtube: Scent of Byrd #‡∏£‡∏µ‡∏ß‡∏¥‡∏ß‡∏ô‡πâ‡πç‡∏≤‡∏´‡∏≠‡∏° #‡∏ô‡πâ‡πç‡∏≤‡∏´‡∏≠‡∏°‡∏ï‡∏¥‡∏î‡∏ó‡∏ô #‡∏ô‡πâ‡∏≥‡∏´‡∏≠‡∏°‡∏´‡∏ô‡πâ‡∏≤‡∏´‡∏ô‡∏≤‡∏ß #‡∏ô‡πâ‡πç‡∏≤‡∏´‡∏≠‡∏°niche #perfumetok #‡∏ô‡πâ‡πç‡∏≤‡∏´‡∏≠‡∏°‡∏ú‡∏π‡πâ‡∏ä‡∏≤‡∏¢ #‡∏ô‡πâ‡πç‡∏≤‡∏´‡∏≠‡∏°‡∏ú‡∏π‡πâ‡∏´‡∏ç‡∏¥‡∏á #‡∏ß‡∏¥‡∏ò‡∏µ‡∏â‡∏µ‡∏î‡∏ô‡πâ‡πç‡∏≤‡∏´‡∏≠‡∏° #scentofbyrd #‡∏£‡∏µ‡∏ß‡∏¥‡∏ß‡∏ö‡∏¥‡∏ß‡∏ï‡∏µ‡πâ‡πÉ‡∏ôtiktok #‡∏ô‡πâ‡∏≥‡∏´‡∏≠‡∏° #‡∏™‡∏≠‡∏ô‡πÅ‡∏ï‡πà‡∏á‡∏ï‡∏±‡∏ß‡∏ú‡∏π‡πâ‡∏ä‡∏≤‡∏¢ #‡∏ô‡πâ‡πç‡∏≤‡∏´‡∏≠‡∏°‡πÄ‡∏ó‡∏µ‡πà‡∏¢‡∏ß‡∏Å‡∏•‡∏≤‡∏á‡∏Ñ‡∏∑‡∏ô #‡∏ô‡πâ‡πç‡∏≤‡∏´‡∏≠‡∏°‡∏Ñ‡∏ô‡∏ó‡∏±‡∏Å #‡∏ß‡∏¥‡∏ò‡∏µ‡∏â‡∏µ‡∏î‡∏ô‡πâ‡πç‡∏≤‡∏´‡∏≠‡∏°‡πÉ‡∏´‡πâ‡∏ï‡∏¥‡∏î‡∏ô‡∏≤‡∏ô #‡πÄ‡∏ó‡∏Ñ‡∏ô‡∏¥‡∏Ñ‡∏î‡∏µ‡∏ö‡∏≠‡∏Å‡∏ï‡πà‡∏≠ #‡∏Ñ‡∏•‡∏≤‡∏™‡πÅ‡∏ü‡∏ä‡∏±‡πà‡∏ô ‡∏ô‡πâ‡∏≥‡∏´‡∏≠‡∏°‡∏•‡∏π‡∏Å‡∏Ñ‡∏∏‡∏ì‡∏´‡∏ô‡∏π‡∏ó‡∏≥‡∏á‡∏≤‡∏ô‡πÄ‡∏Å‡πà‡∏á #‡∏ô‡πâ‡∏≥‡∏´‡∏≠‡∏° #perfumetiktok #perfumetok #tiktok‡∏õ‡πâ‡∏≤‡∏¢‡∏¢‡∏≤ #perfume #‡∏ô‡πâ‡∏≥‡∏´‡∏≠‡∏°‡∏ú‡∏π‡πâ‡∏´‡∏ç‡∏¥‡∏á #‡∏ô‡πâ‡∏≥‡∏´‡∏≠‡∏°‡∏ú‡∏π‡πâ‡∏ä‡∏≤‡∏¢ #‡∏£‡∏µ‡∏ß‡∏¥‡∏ß‡∏ô‡πâ‡∏≥‡∏´‡∏≠‡∏° #‡∏£‡∏µ‡∏ß‡∏¥‡∏ß‡∏ö‡∏¥‡∏ß‡∏ï‡∏µ‡πâ #queenoftears #leaudissey #isseymiyake #‡∏£‡∏µ‡∏ß‡∏¥‡∏ß‡∏Å‡∏£‡∏∞‡πÄ‡∏õ‡πã‡∏≤‡πÅ‡∏ö‡∏£‡∏ô‡∏î‡πå‡πÄ‡∏ô‡∏° #‡πÄ‡∏Ñ‡∏£‡∏∑‡πà‡∏≠‡∏á‡∏™‡πç‡∏≤‡∏≠‡∏≤‡∏á #‡∏£‡∏µ‡∏ß‡∏¥‡∏ß‡πÅ‡∏ö‡∏£‡∏ô‡∏î‡πå‡πÄ‡∏ô‡∏° #scentofbyrd #‡∏Ñ‡∏•‡∏≤‡∏™‡πÅ‡∏ü‡∏ä‡∏±‡πà‡∏ô,th,34,281200,109,0,4500000,6999119578999735323,scentofbyrd_official,Scent of Byrd,Fragrance & Scent More VDOs -> YouTube: Scent of Byrd IG: scent.of.byrd,False,109,https://www.tiktok.com/@scentofbyrd_official
2,7885.0,262.5,831750.0,1435.0,82.5,68.0,"‡πÉ‡∏Ñ‡∏£‡∏≠‡∏¢‡∏≤‡∏Å‡πÑ‡∏î‡πâ‡∏ô‡πâ‡∏≥‡∏´‡∏≠‡∏°‡∏Å‡∏•‡∏¥‡πà‡∏ô‡∏´‡∏≠‡∏°‡∏´‡∏ß‡∏≤‡∏ô‡∏ú‡∏π‡πâ‡∏´‡∏•‡∏á‡πÅ‡∏ö‡∏ö‡πÇ‡∏á‡∏´‡∏±‡∏ß‡πÑ‡∏°‡πà‡∏Ç‡∏∂‡πâ‡∏ô ‡∏ï‡πâ‡∏≠‡∏á ùêòùêíùêã ùêÅùê•ùêöùêúùê§ ùêéùê©ùê¢ùêÆùê¶ ùêÑùêÉùêè ùêéùêØùêûùê´ ùêëùêûùêù ‡∏Ç‡∏ß‡∏î‡∏ô‡∏µ‡πâ‡πÇ‡∏Ñ‡∏ï‡∏£‡∏Æ‡πà‡∏á‡πÇ‡∏Ñ‡∏ï‡∏£‡∏´‡∏≠‡∏° ‡∏Å‡∏•‡∏¥‡πà‡∏ô‡∏´‡∏≠‡∏°‡∏´‡∏ß‡∏≤‡∏ô ‡∏°‡∏µ‡∏Ñ‡∏ß‡∏≤‡∏° Faminine ‡∏°‡∏≤‡∏Å‡πÜ ‡∏â‡∏µ‡∏î‡πÅ‡∏•‡πâ‡∏ß‡∏î‡∏π‡πÄ‡∏õ‡πá‡∏ô‡∏ú‡∏π‡πâ‡∏´‡∏ç‡∏¥‡∏á‡∏°‡∏µ‡πÄ‡∏ó‡∏™ ‡∏ó‡∏≥‡∏ñ‡∏∂‡∏á‡∏°‡∏≤‡∏Å‡∏Ñ‡∏∏‡∏ì‡πÅ‡∏°‡πà Ô∏è ‡∏Å‡∏•‡∏¥‡πà‡∏ô‡∏õ‡∏±‡∏á‡πÑ‡∏°‡πà‡∏õ‡∏±‡∏á‡πÄ‡∏ò‡∏≠‡∏î‡∏π‡πÇ‡∏ô‡πä‡∏ï‡∏ô‡πâ‡∏≥‡∏´‡∏≠‡∏°‡∏ï‡∏±‡∏ß‡∏ô‡∏µ‡πâ‡∏ô‡∏∞ - Top notes: cherry, green mandarin - Heart: Moroccan Ourika jasmine, orange blossom absolute, black tea - Base: coffee, Indonesian patchouli, Madagascar vanilla ‡∏û‡∏¥‡∏Å‡∏±‡∏î ‡∏´‡∏≤‡∏ã‡∏∑‡πâ‡∏≠‡πÑ‡∏î‡πâ‡∏ó‡∏µ‡πà @Sephora Thailand ‡∏ó‡∏∏‡∏Å‡∏™‡∏≤‡∏Ç‡∏≤ #perfume #‡∏ô‡πâ‡πç‡∏≤‡∏´‡∏≠‡∏° #‡∏£‡∏µ‡∏ß‡∏¥‡∏ß‡∏ô‡πâ‡πç‡∏≤‡∏´‡∏≠‡∏° #tiktoklooks #‡∏ô‡πâ‡πç‡∏≤‡∏´‡∏≠‡∏°‡∏ú‡∏π‡πâ‡∏´‡∏ç‡∏¥‡∏á ‡πÉ‡∏Ñ‡∏£‡∏¢‡∏±‡∏á‡πÑ‡∏°‡πà‡πÄ‡∏Ñ‡∏¢‡πÉ‡∏ä‡πâ La Mer ‡∏≠‡∏¢‡∏≤‡∏Å‡πÉ‡∏´‡πâ‡∏•‡∏≠‡∏á‡∏ô‡πâ‡∏≥‡∏ï‡∏ö‡∏ï‡∏±‡∏ß‡∏ô‡∏µ‡πâ‡∏°‡∏≤‡∏Å ‡∏Ç‡∏≠‡∏á‡πÄ‡∏Ñ‡πâ‡∏≤‡∏Ñ‡∏∑‡∏≠‡∏î‡∏µ‡∏à‡∏£‡∏¥‡∏á ‡∏ú‡∏¥‡∏ß‡∏î‡∏µ ‡∏£‡∏π‡∏Ç‡∏∏‡∏°‡∏Ç‡∏ô‡∏Å‡∏£‡∏∞‡∏ä‡∏±‡∏ö‡∏Ç‡∏∂‡πâ‡∏ô‡πÅ‡∏ö‡∏ö‡∏ú‡∏¥‡∏ß‡πÄ‡∏î‡πá‡∏Å‡πÄ‡∏•‡∏¢‡πÄ‡∏ò‡∏≠ ‡∏ä‡πâ‡∏≠‡∏õ‡∏ô‡πâ‡∏≥‡∏ï‡∏ö 150ml ‡πÑ‡∏î‡πâ‡∏£‡∏±‡∏ö limited edition set ‡πÅ‡∏ö‡∏ö‡∏ô‡∏µ‡πâ‡πÑ‡∏õ‡πÄ‡∏•‡∏¢‡∏ó‡∏±‡πâ‡∏á‡∏Å‡∏•‡πà‡∏≠‡∏á ‡∏ä‡πâ‡∏≠‡∏õ‡πÑ‡∏î‡πâ‡∏ó‡∏±‡πâ‡∏á‡∏´‡∏ô‡πâ‡∏≤‡πÄ‡∏ß‡πá‡∏ö‡πÑ‡∏ã‡∏ï‡πå ‡πÉ‡∏™‡πà‡πÇ‡∏Ñ‡πâ‡∏î ‚ÄúLMTIKTOK‚Äù ‡∏´‡∏£‡∏∑‡∏≠‡∏à‡∏∞‡πÑ‡∏õ‡∏ä‡πâ‡∏≠‡∏õ‡∏ó‡∏µ‡πà‡πÄ‡∏Ñ‡∏≤‡∏ô‡πå‡πÄ‡∏ï‡∏≠‡∏£‡πå‡∏Å‡πá‡πÑ‡∏î‡πâ ‡πÄ‡πÄ‡∏Ñ‡πà‡πÄ‡∏≠‡∏≤‡∏Ñ‡∏•‡∏¥‡∏õ‡∏ô‡∏µ‡πâ‡πÑ‡∏õ‡πÇ‡∏ä‡∏ß‡πå‡∏à‡πâ‡∏∞ ‡∏ß‡∏≤‡∏á‡∏Ç‡∏≤‡∏¢‡πÅ‡∏Ñ‡πà 5 ‡∏™‡∏≤‡∏Ç‡∏≤‡∏ô‡∏µ‡πâ‡πÄ‡∏ó‡πà‡∏≤‡∏ô‡∏±‡πâ‡∏ô Siam Paragon, Central Ladprao, Emporium, Central World, Central @Megabangna *‡πÄ‡∏â‡∏û‡∏≤‡∏∞‡∏•‡∏π‡∏Å‡∏Ñ‡πâ‡∏≤‡πÉ‡∏´‡∏°‡πà‡πÄ‡∏ó‡πà‡∏≤‡∏ô‡∏±‡πâ‡∏ô 1 - 31 July 2024 only ‡∏ô‡πâ‡∏≤ #skincare #tiktok‡∏õ‡πâ‡∏≤‡∏¢‡∏¢‡∏≤ #tiktok‡∏ö‡∏¥‡∏ß‡∏ï‡∏µ‡πâ #‡∏£‡∏µ‡∏ßÔøΩÔøΩÔøΩ‡∏ß‡∏ö‡∏¥‡∏ß‡∏ï‡∏µ‡πâ #‡∏™‡∏Å‡∏¥‡∏ô‡πÅ‡∏Ñ‡∏£‡πå #‡∏ô‡πâ‡∏≥‡∏ï‡∏ö #‡πÄ‡∏ï‡∏£‡∏µ‡∏¢‡∏°‡∏ú‡∏¥‡∏ß #LaMer #LaMerTreatmentLotion #LaMerThailand #EssenceOfYouth",th,157600,237400,6786,0,6200000,6566951153342791681,katrinyaphat,Katrin ‡∏ï‡∏¥‡∏î‡πÅ‡∏Å‡∏•‡∏° ‚ú®,‡∏û‡∏µ‡πà‡∏™‡∏≤‡∏ß‡∏û‡∏•‡∏±‡∏á‡∏ö‡∏ß‡∏Å Mindset Self-love ü©∑ ‡∏ï‡∏¥‡∏î‡∏ï‡πà‡∏≠‡∏á‡∏≤‡∏ô‡πÅ‡∏≠‡∏î @katrinyaphat,False,1455,https://www.tiktok.com/@katrinyaphat
1,357.0,38.0,33600.0,97.0,4.0,27.0,Raspberry and Peony Petals ‡∏à‡∏≤‡∏Å scent studio ‡∏´‡∏ß‡∏≤‡∏ô‡∏ã‡πà‡∏≠‡∏ô‡πÄ‡∏õ‡∏£‡∏µ‡πâ‡∏¢‡∏ß ‡∏´‡∏≠‡∏°‡∏≠‡πà‡∏≠‡∏ô‡πÜ‡∏à‡∏≤‡∏Å‡∏î‡∏≠‡∏Å‡πÑ‡∏°‡πâ‡∏Ç‡∏≤‡∏ß ‡∏™‡∏î‡∏ä‡∏∑‡πà‡∏ô‡∏•‡∏∞‡∏°‡∏∏‡∏ô ‡∏î‡∏π‡πÅ‡∏û‡∏á‡πÅ‡∏ï‡πà‡πÄ‡∏Ç‡πâ‡∏≤‡∏ñ‡∏∂‡∏á‡πÑ‡∏î‡πâ #‡∏£‡∏µ‡∏ß‡∏¥‡∏ß‡∏ô‡πç‡πâ‡∏≤‡∏´‡∏≠‡∏° #‡∏ô‡πâ‡∏≥‡∏´‡∏≠‡∏°‡πÅ‡∏ö‡πà‡∏á‡∏Ç‡∏≤‡∏¢ #scentstudio,th,5468,15800,404,0,233700,7092634574702380058,kruenghom,‡πÄ‡∏Ñ‡∏£‡∏∑‡πà‡∏≠‡∏á‡∏´‡∏≠‡∏°,‡∏≠‡∏≠‡∏Å‡πÅ‡∏ö‡∏ö‡∏Å‡∏•‡∏¥‡πà‡∏ô‡∏ï‡∏≤‡∏°‡∏Ñ‡∏≤‡πÅ‡∏£‡∏Å‡πÄ‡∏ï‡∏≠‡∏£‡πå‡πÄ‡∏â‡∏û‡∏≤‡∏∞‡∏ï‡∏±‡∏ß ‡πÅ‡∏≠‡∏î‡πÑ‡∏≠‡∏î‡∏µ @045inwpj,False,81,https://www.tiktok.com/@kruenghom
1,38800.0,1325.0,4800000.0,4345.0,170.0,24.0,‡πÇ‡∏Ñ‡∏£‡∏ï‡∏à‡∏∞‡∏´‡∏≠‡∏° ‡πÇ‡∏Ñ‡∏£‡∏ï‡∏à‡∏∞‡∏´‡∏•‡∏á! ‡∏´‡∏≠‡∏°‡∏ü‡∏∏‡πâ‡∏á‡∏´‡∏≠‡∏°‡πÑ‡∏Å‡∏• ‡πÉ‡∏Ñ‡∏£‡∏ó‡∏µ‡πà‡∏ä‡∏≠‡∏ö‡∏ô‡πâ‡∏≥‡∏´‡∏≠‡∏°‡∏´‡∏ß‡∏≤‡∏ô‡πÅ‡∏ï‡πà‡πÑ‡∏°‡πà‡∏â‡∏∏‡∏ô‡πÑ‡∏°‡πà‡πÄ‡∏•‡∏µ‡πà‡∏¢‡∏ô ‡∏ó‡∏µ‡πà‡∏™‡∏≥‡∏Ñ‡∏±‡∏ç‡∏Å‡∏•‡∏¥‡πà‡∏ô‡∏ó‡∏±‡∏ô‡∏™‡∏°‡∏±‡∏¢ kiss memore ‡πÄ‡∏•‡∏¢‡∏Ñ‡πà‡∏∞ #‡∏ô‡πâ‡πç‡∏≤‡∏´‡∏≠‡∏°‡∏≠‡∏¥‡∏á‡∏ü‡πâ‡∏≤ #‡∏ô‡πâ‡∏≥‡∏´‡∏≠‡∏°‡πÅ‡∏à‡∏ô‡∏¢‡∏±‡∏ß‡∏£‡πå #kissmemore #JANUA,th,16300,669100,242,0,23900000,6803259279887778818,ceo.januathailand,Janua Perfume Thailand.,JANUAXRENJUN WELCOME OUR NEW PRESENTER TO JANUA FAMILY,False,1475,https://www.tiktok.com/@ceo.januathailand
1,6222.0,354.0,580400.0,2693.0,56.0,42.0,‡∏ô‡πâ‡∏≥‡∏´‡∏≠‡∏°‡πÅ‡∏à‡∏ô‡∏¢‡∏±‡∏ß‡∏£‡πå‡∏Ç‡∏ß‡∏î‡πÅ‡∏î‡∏á ‡∏Å‡∏•‡∏¥‡πà‡∏ô‡∏ô‡∏µ‡πâ‡πÄ‡∏ó‡πà‡∏≤‡∏ô‡∏±‡πâ‡∏ôÔ∏è ‡∏â‡∏µ‡∏î‡πÅ‡∏•‡πâ‡∏ß‡∏Å‡∏•‡∏≤‡∏¢‡πÄ‡∏õ‡πá‡∏ô‡∏Ñ‡∏ô‡∏™‡∏ß‡∏¢‡∏Ç‡∏≤‡∏≤ ‡∏ñ‡∏∂‡∏á‡∏Ç‡∏±‡πâ‡∏ô‡∏ß‡πà‡∏≤‡∏ó‡∏≥‡∏ú‡∏π‡πâ‡πÄ‡∏™‡∏µ‡∏¢‡∏≠‡∏≤‡∏Å‡∏≤‡∏£! ‡∏´‡∏≠‡∏°‡∏™‡∏ß‡∏¢‡πÄ‡∏´‡∏°‡∏∑‡∏≠‡∏ô‡∏•‡∏≠‡∏¢‡πÑ‡∏î‡πâ ‡πÄ‡∏´‡∏°‡∏≤‡∏∞‡∏Å‡∏±‡∏ö‡∏Å‡∏≤‡∏£‡∏â‡∏µ‡∏î‡πÑ‡∏õ‡πÄ‡∏î‡∏ï‡πÅ‡∏ö‡∏ö‡∏ó‡∏µ‡πà‡∏™‡∏∏‡∏î! #‡∏ô‡πâ‡πç‡∏≤‡∏´‡∏≠‡∏°‡πÅ‡∏à‡∏ô‡∏¢‡∏±‡∏ß‡∏£‡πå #‡∏ô‡πâ‡∏≥‡∏´‡∏≠‡∏°‡πÅ‡∏à‡∏ô‡∏¢‡∏±‡∏ß‡∏£‡πå‡∏Ñ‡∏≠‡∏•‡πÉ‡∏´‡∏°‡πà #‡∏£‡∏µ‡∏ß‡∏¥‡∏ß‡∏ô‡πâ‡πç‡∏≤‡∏´‡∏≠‡∏° #tiktokshop‡∏ä‡πâ‡∏≠‡∏õ‡∏Å‡∏±‡∏ô‡∏ß‡∏±‡∏ô‡πÄ‡∏á‡∏¥‡∏ô‡∏≠‡∏≠‡∏Å,th,1425,27000,32,0,1200000,6941190745949848577,fatcatgroupsofficial,fat cat groups,"*‡∏£‡∏µ‡∏ß‡∏¥‡∏ß1-2‡∏î‡∏≤‡∏ß ‡πÑ‡∏°‡πà‡∏£‡∏±‡∏ö‡πÄ‡∏Ñ‡∏•‡∏°‡∏ó‡∏∏‡∏Å‡∏Å‡∏£‡∏ì‡∏µ ‡∏î‡∏π‡∏î‡∏Ñ‡∏•‡∏¥‡∏õ‡∏õ‡∏£‡∏±‡∏ö 50,000 ‡∏£‡∏±‡∏ö‡∏û‡∏±‡∏ô‡∏ò‡∏°‡∏¥‡∏ï‡∏£‡∏õ‡∏±‡∏Å‡∏ï‡∏∞‡∏Å‡∏£‡πâ‡∏≤‡πÑ‡∏î‡πâ‡πÄ‡∏•‡∏¢",False,419,https://www.tiktok.com/@fatcatgroupsofficial
1,170.0,11.0,11200.0,24.0,3.0,72.0,Bonwon - British Pear And Freesia ‡∏Å‡∏±‡∏ö‡∏Å‡∏•‡∏¥‡πà‡∏ô‡∏ó‡∏µ‡πà‡∏ó‡∏≥‡∏≠‡∏≠‡∏Å‡∏°‡∏≤‡πÑ‡∏î‡πâ‡∏î‡∏µ‡∏°‡∏≤‡∏Å ‡∏•‡∏π‡∏Å‡πÅ‡∏û‡∏£‡πÄ‡∏ï‡πá‡∏°‡πÜ ‡πÉ‡∏ä‡πâ‡∏≠‡∏≠‡∏Å‡πÄ‡∏î‡∏ó‡πÄ‡∏ï‡πá‡∏°‡πÄ‡∏õ‡∏£‡∏µ‡πà‡∏¢‡∏°‡πÑ‡∏õ‡∏î‡πâ‡∏ß‡∏¢‡∏û‡∏•‡∏±‡∏á ‡∏Å‡∏±‡∏ö‡∏Å‡∏•‡∏¥‡πà‡∏ô‡∏ó‡∏µ‡πà‡∏ò‡∏£‡∏£‡∏°‡∏ä‡∏≤‡∏ï‡∏¥‡∏™‡∏∏‡∏î‡πÜ ‡∏´‡∏≤‡∏Å‡∏™‡∏ô‡πÉ‡∏à ‡∏ï‡∏∞‡∏Å‡∏£‡πâ‡∏≤‡∏°‡∏µ #reviewbeauty #fypage„Ç∑ #storytelling #funnyvideo #funnyvideos #fypage #fragrance #‡∏ô‡πâ‡πç‡∏≤‡∏´‡∏≠‡∏°‡∏ú‡∏π‡πâ‡∏´‡∏ç‡∏¥‡∏á #‡∏ô‡πâ‡πç‡∏≤‡∏´‡∏≠‡∏°‡πÅ‡∏ó‡πâ #‡∏ô‡πâ‡πç‡∏≤‡∏´‡∏≠‡∏°‡∏ú‡∏π‡πâ‡∏ä‡∏≤‡∏¢ #‡∏£‡∏µ‡∏ß‡∏¥‡∏ß‡∏ô‡πâ‡πç‡∏≤‡∏´‡∏≠‡∏°‡∏ú‡∏π‡πâ‡∏ä‡∏≤‡∏¢ #‡∏£‡∏µ‡∏ß‡∏¥‡∏ß‡∏ô‡πâ‡πç‡∏≤‡∏´‡∏≠‡∏°‡∏Ç‡∏≤‡∏¢‡∏î‡∏µ‡πÉ‡∏ôtiktok #funny #perfumetiktok #‡∏ï‡∏•‡∏Å #perfume #fyp,th,8045,302000,6363,0,7700000,6847813106626823170,.plankton2go,‡πÄ‡∏Æ‡∏µ‡∏¢‡πÄ‡∏õ‡πä‡∏Å ‡πÄ‡∏ä‡πá‡∏î‡πÄ‡∏Ç‡πâ,‡∏ï‡∏¥‡∏î‡∏ï‡πà‡∏≠‡∏£‡∏µ‡∏ß‡∏¥‡∏ß‡∏´‡∏£‡∏∑‡∏≠‡∏ô‡∏≤‡∏¢‡∏´‡∏ô‡πâ‡∏≤ ID: herepek ‡∏ñ‡πâ‡∏≤ ‡∏ï‡∏ï ‡∏ï‡∏≠‡∏ö‡∏ä‡πâ‡∏≤‡∏ñ‡∏≤‡∏°‡πÉ‡∏ô‡∏ô‡∏µ‡πâ‡πÑ‡∏î‡πâ ID: @beauty4hub,False,1745,https://www.tiktok.com/@.plankton2go
3,266.6666666666667,11.0,19880.666666666668,15.333333333333334,12.666666666666666,19.666666666666668,‡∏â‡∏µ‡∏î‡πÑ‡∏õ‡πÄ‡∏î‡∏ï‡∏Ñ‡∏∑‡∏≠‡πÑ‡∏î‡πâ‡∏ü‡∏µ‡∏•‡∏Ñ‡∏∏‡∏ì‡∏´‡∏ô‡∏π‡∏™‡∏≤‡∏¢‡∏´‡∏ß‡∏≤‡∏ô‡∏ó‡∏µ‡πà‡πÅ‡∏≠‡∏ö‡∏ã‡∏ô‡∏´‡∏ô‡πà‡∏≠‡∏¢‡πÜ Viva La Juicy Gold #‡∏ô‡πâ‡∏≥‡∏´‡∏≠‡∏°‡πÅ‡∏ö‡πà‡∏á‡∏Ç‡∏≤‡∏¢ #‡∏ô‡πâ‡∏≥‡∏´‡∏≠‡∏°‡∏ú‡∏π‡πâ‡∏´‡∏ç‡∏¥‡∏á #‡∏£‡∏µ‡∏ß‡∏¥‡∏ß‡∏ô‡πâ‡∏≥‡∏´‡∏≠‡∏° ‡πÅ‡∏Å‡∏∞‡∏Å‡∏•‡πà‡∏≠‡∏á‡∏ô‡πâ‡∏≥‡∏´‡∏≠‡∏°‡πÉ‡∏´‡∏°‡πà CK ONE #‡∏£‡∏µ‡∏ß‡∏¥‡∏ß‡∏ô‡πâ‡∏≥‡∏´‡∏≠‡∏° #‡∏ô‡πâ‡πç‡∏≤‡∏´‡∏≠‡∏°‡∏ú‡∏π‡πâ‡∏´‡∏ç‡∏¥‡∏á #‡∏Å‡∏±‡∏ô‡∏£‡∏µ‡∏ß‡∏¥‡∏ß‡∏ô‡πâ‡∏≥‡∏´‡∏≠‡∏° ‡∏ô‡πâ‡∏≥‡∏´‡∏≠‡∏°‡∏Å‡∏•‡∏¥‡πà‡∏ô‡∏Ñ‡∏£‡∏µ‡∏°‡∏°‡∏µ‡πà‡∏™‡∏ï‡∏≠‡∏£‡πå‡πÄ‡∏ö‡∏≠‡∏£‡πå‡∏£‡∏µ‡πà ‡∏´‡∏≠‡∏°‡∏ô‡∏±‡∏ß‡∏°‡∏≤‡∏Å ‡∏•‡∏∏‡∏Ñ‡∏Ñ‡∏∏‡∏ì‡∏´‡∏ô‡∏π‡∏Ñ‡πà‡∏≤ #‡∏£‡∏µ‡∏ß‡∏¥‡∏ß‡∏ô‡πâ‡∏≥‡∏´‡∏≠‡∏° #‡∏ô‡πâ‡∏≥‡∏´‡∏≠‡∏°‡πÅ‡∏ö‡πà‡∏á‡∏Ç‡∏≤‡∏¢ #‡∏ô‡πâ‡∏≥‡∏´‡∏≠‡∏°‡∏ú‡∏π‡πâ‡∏´‡∏ç‡∏¥‡∏á,th,465,4172,59,0,33000,6757210292797899777,toperfumeshop,‡∏Å‡∏±‡∏ô‡∏à‡∏∞‡∏£‡∏µ‡∏ß‡∏¥‡∏ß‡∏ô‡πâ‡∏≥‡∏´‡∏≠‡∏°,‡∏£‡∏µ‡∏ß‡∏¥‡∏ß‡∏ô‡πâ‡∏≥‡∏´‡∏≠‡∏°‡∏Ç‡∏≠‡∏á‡πÅ‡∏ó‡πâ ‡∏™‡∏ô‡πÉ‡∏à‡∏ó‡∏±‡∏Å‡∏ö‡πâ‡∏≤‡∏ô‡πÄ‡∏Ç‡∏µ‡∏¢‡∏ß : @toperfumeshop (‡∏°‡∏µ @ ‡∏ô‡∏≥‡∏´‡∏ô‡πâ‡∏≤‡∏î‡πâ‡∏ß‡∏¢),False,296,https://www.tiktok.com/@toperfumeshop
1,918.0,54.0,39500.0,247.0,25.0,225.0,‡∏ß‡∏¥‡∏ò‡∏µ‡∏°‡∏≤‡∏£‡πå‡∏Å‡∏´‡∏ô‡πâ‡∏≤‡πÉ‡∏´‡πâ‡∏ú‡∏¥‡∏ß‡∏™‡∏ß‡∏¢‡∏ï‡∏¥‡∏î‡∏™‡∏õ‡∏µ‡∏î‡∏Ñ‡πâ‡∏≤‡∏ö‡∏öÔ∏è#‡∏°‡∏≤‡∏™‡πå‡∏Å‡∏´‡∏ô‡πâ‡∏≤ #skincare #glassskin #‡∏™‡∏Å‡∏¥‡∏ô‡πÅ‡∏Ñ‡∏£‡πå #‡∏î‡∏π‡πÅ‡∏•‡∏ï‡∏±‡∏ß‡πÄ‡∏≠‡∏á,th,79,2344,61,0,13000,6978374651492697089,pm_odella,‡∏û‡∏µ‡πà‡πÄ‡∏≠‡πá‡∏°‡∏ß‡πà‡∏≤‡∏°‡∏±‡∏ô‡∏î‡∏µ,‡∏û‡∏µ‡πà‡πÄ‡∏≠‡πá‡∏°‡∏≠‡∏¢‡∏≤‡∏Å‡∏ä‡∏ß‡∏ô‡∏û‡∏ß‡∏Å‡πÄ‡∏£‡∏≤‡πÉ‡∏´‡πâ‡∏Å‡∏•‡∏±‡∏ö‡∏°‡∏≤‡∏£‡∏±‡∏Å‡∏ï‡∏±‡∏ß‡πÄ‡∏≠‡∏á ‡∏Å‡∏•‡∏±‡∏ö‡∏°‡∏≤‡∏î‡∏π‡πÅ‡∏•‡∏ï‡∏±‡∏ß‡πÄ‡∏≠‡∏á ‡∏î‡∏π‡πÅ‡∏•‡∏ó‡∏±‡πâ‡∏á‡∏Å‡∏≤‡∏¢‡πÅ‡∏•‡∏∞‡πÉ‡∏à‡πÄ‡∏•‡∏¢‡∏à‡πä‡∏∞,False,44,https://www.tiktok.com/@pm_odella
2,110650.0,6171.5,2700000.0,49400.0,305.0,17.0,‡∏•‡∏≥‡∏î‡∏±‡∏ö‡∏Å‡∏≤‡∏£‡∏•‡∏á‡∏™‡∏Å‡∏¥‡∏ô‡πÅ‡∏Ñ‡∏£‡πå‡πÉ‡∏ô‡∏ï‡∏≠‡∏ô‡πÄ‡∏ä‡πâ‡∏≤ Cr.‡∏´‡∏°‡∏≠‡∏≠‡πâ‡∏ô Dr.Chatpon #skincareroutine #‡∏™‡∏Å‡∏¥‡∏ô‡πÅ‡∏Ñ‡∏£‡πå‡∏£‡∏π‡∏ó‡∏µ‡∏ô #‡∏Ç‡∏±‡πâ‡∏ô‡∏ï‡∏≠‡∏ô‡∏ö‡πç‡∏≤‡∏£‡∏∏‡∏á‡∏ú‡∏¥‡∏ß‡∏´‡∏ô‡πâ‡∏≤ #‡∏ß‡∏¥‡∏ò‡∏µ‡∏ó‡∏≤‡∏Ñ‡∏£‡∏µ‡∏°‡∏ó‡∏µ‡πà‡∏ñ‡∏π‡∏Å‡∏ï‡πâ‡∏≠‡∏á #‡∏ß‡∏¥‡∏ò‡∏µ‡∏î‡∏π‡πÅ‡∏•‡∏ú‡∏¥‡∏ß‡∏´‡∏ô‡πâ‡∏≤ ‡∏•‡∏≥‡∏î‡∏±‡∏ö‡∏Å‡∏≤‡∏£‡∏•‡∏á‡∏™‡∏Å‡∏¥‡∏ô‡πÅ‡∏Ñ‡∏£‡πå‡∏ï‡∏≠‡∏ô‡∏Å‡∏•‡∏≤‡∏á‡∏Ñ‡∏∑‡∏ô Cr.‡∏´‡∏°‡∏≠‡∏≠‡πâ‡∏ô Dr.Chatpon #skincareroutine #‡∏™‡∏Å‡∏¥‡∏ô‡πÅ‡∏Ñ‡∏£‡πå‡∏£‡∏π‡∏ó‡∏µ‡∏ô #‡∏Ç‡∏±‡πâ‡∏ô‡∏ï‡∏≠‡∏ô‡∏ö‡πç‡∏≤‡∏£‡∏∏‡∏á‡∏ú‡∏¥‡∏ß‡∏´‡∏ô‡πâ‡∏≤ #‡∏ß‡∏¥‡∏ò‡∏µ‡∏ó‡∏≤‡∏Ñ‡∏£‡∏µ‡∏°‡∏ó‡∏µ‡πà‡∏ñ‡∏π‡∏Å‡∏ï‡πâ‡∏≠‡∏á #‡∏ß‡∏¥‡∏ò‡∏µ‡∏î‡∏π‡πÅ‡∏•‡∏ú‡∏¥‡∏ß‡∏´‡∏ô‡πâ‡∏≤ #‡∏Ç‡∏±‡πâ‡∏ô‡∏ï‡∏≠‡∏ô‡∏Å‡∏≤‡∏£‡∏ó‡∏≤‡∏Ñ‡∏£‡∏µ‡∏°‡∏Å‡∏•‡∏≤‡∏á‡∏Ñ‡∏∑‡∏ô,th,532,7363,232,0,307800,7248214502277268485,julee42896395,‡∏û‡∏µ‡πà‡∏à‡∏π‡∏•‡∏µ‡πà‡∏£‡∏µ‡∏ß‡∏¥‡∏ß‡∏ö‡∏¥‡∏ß‡∏ï‡∏µ‡πâ‡∏Ç‡∏≠‡∏á‡∏î‡∏µ‡∏ö‡∏≠‡∏Å‡∏ï‡πà‡∏≠,,False,88,https://www.tiktok.com/@julee42896395
1,5996.0,115.0,73100.0,1398.0,19.0,58.0,‡πÄ‡∏£‡∏¥‡πà‡∏°‡∏ï‡πâ‡∏ô‡∏î‡∏π‡πÅ‡∏•‡∏ú‡∏¥‡∏ß‡∏¢‡∏±‡∏á‡πÑ‡∏á ‡∏â‡∏ö‡∏±‡∏ö‡∏°‡∏∑‡∏≠‡πÉ‡∏´‡∏°‡πà . . #‡∏î‡∏π‡πÅ‡∏•‡∏ú‡∏¥‡∏ß‡∏´‡∏ô‡πâ‡∏≤ #‡πÄ‡∏£‡∏¥‡πà‡∏°‡∏î‡∏π‡πÅ‡∏•‡∏ï‡∏±‡∏ß‡πÄ‡∏≠‡∏á #beautyhacks #howtobeauty #tips,th,8567,73300,450,0,2500000,7195932788913685531,lalynstyle,Lalyn Style (‡∏•‡∏•‡∏¥‡∏•),"decoding trends, beauty, and fashion through psychology, status, and economy.",False,274,https://www.tiktok.com/@lalynstyle
1,535100.0,21700.0,6300000.0,136700.0,766.0,60.0,‡πÅ‡∏≠‡∏ö‡∏î‡∏π‡∏Ñ‡∏•‡∏¥‡∏õ14‡∏•‡πâ‡∏≤‡∏ô‡∏ß‡∏¥‡∏ß‡∏£‡∏±‡∏Å‡∏©‡∏≤‡∏™‡∏¥‡∏ß‡∏´‡∏≤‡∏¢‡πÄ‡∏≠‡∏á‡πÉ‡∏ô 6‡πÄ‡∏î‡∏∑‡∏≠‡∏ô @justin #‡∏°‡∏∞‡πÄ‡∏´‡∏°‡∏µ‡πà‡∏¢‡∏ß‡∏õ‡∏±‡∏ô‡∏™‡∏ß‡∏¢ #‡∏£‡∏π‡πâ‡∏à‡∏≤‡∏Åtiktok #tiktokuni #cleansingoil #‡∏Ñ‡∏£‡∏µ‡∏°‡∏ö‡∏µ‡πÄ‡∏≠‡∏ä‡πÄ‡∏≠ #theaskin‡∏î‡∏π‡πÅ‡∏•‡∏™‡∏¥‡∏ß #theaskinbeauty #‡∏£‡∏±‡∏Å‡∏©‡∏≤‡∏™‡∏¥‡∏ß‡πÄ‡∏≠‡∏á #‡∏ß‡∏¥‡∏ò‡∏µ‡∏£‡∏±‡∏Å‡∏©‡∏≤‡∏™‡∏¥‡∏ß #‡∏Ñ‡∏£‡∏µ‡∏°‡∏£‡∏±‡∏Å‡∏©‡∏≤‡∏™‡∏¥‡∏ß #‡∏™‡∏¥‡∏ß‡∏≠‡∏±‡∏Å‡πÄ‡∏™‡∏ö #‡∏™‡∏¥‡∏ß‡∏≠‡∏∏‡∏î‡∏ï‡∏±‡∏ô #‡∏™‡∏¥‡∏ß‡∏Æ‡∏≠‡∏£‡πå‡πÇ‡∏°‡∏ô,th,7913,487700,886,0,9100000,6760482070102262785,newmameaw,‡∏°‡∏∞‡πÄ‡∏´‡∏°‡∏µ‡πà‡∏¢‡∏ß‡∏õ‡∏±‡∏ô‡∏™‡∏ß‡∏¢,‡∏°‡∏∞‡πÄ‡∏´‡∏°‡∏µ‡πà‡∏¢‡∏ß‡∏õ‡∏±‡∏ô‡∏™‡∏ß‡∏¢| Skincare ‡πÄ‡∏ó‡∏µ‡∏¢-‡∏™‡∏Å‡∏¥‡∏ô,False,394,https://www.tiktok.com/@newmameaw
1,12500.0,1079.0,230400.0,5872.0,360.0,160.0,‡∏ï‡∏≠‡∏ö‡∏Å‡∏•‡∏±‡∏ö @pkin. ‡∏£‡∏±‡∏Å‡∏©‡∏≤‡∏™‡∏¥‡∏ß‡∏ï‡∏≤‡∏°‡∏ô‡∏µ‡πâ ‡πÄ‡∏Ñ‡πâ‡∏≤‡∏´‡∏≤‡∏¢‡∏Å‡∏±‡∏ô‡∏°‡∏≤‡πÄ‡∏¢‡∏≠‡∏∞‡πÅ‡∏•‡πâ‡∏ß‡∏ô‡πâ‡∏≤ // ‡∏Ç‡∏≠‡∏ö‡∏Ñ‡∏∏‡∏ì‡∏£‡∏µ‡∏ß‡∏¥‡∏ß‡∏ô‡∏∞‡∏Ñ‡πâ‡∏≤ ‡πÄ‡∏õ‡πá‡∏ô‡∏Å‡∏≥‡∏•‡∏±‡∏á‡πÉ‡∏à‡∏ó‡∏µ‡πà‡∏î‡∏µ‡∏°‡∏≤‡∏Å‡πÜ‡∏Ñ‡πà‡∏≤ #‡∏™‡∏¥‡∏ß #‡∏™‡∏¥‡∏ß‡∏≠‡∏∏‡∏î‡∏ï‡∏±‡∏ô #‡∏™‡∏¥‡∏ß‡∏≠‡∏±‡∏Å‡πÄ‡∏™‡∏ö #‡∏™‡∏¥‡∏ß‡∏≠‡∏±‡∏Å‡πÄ‡∏™‡∏ö‡πÄ‡∏£‡∏∑‡πâ‡∏≠‡∏£‡∏±‡∏á #‡∏™‡∏¥‡∏ß‡∏´‡∏≤‡∏¢ #‡∏£‡∏±‡∏Å‡∏©‡∏≤‡∏™‡∏¥‡∏ß #‡∏£‡∏±‡∏Å‡∏©‡∏≤‡∏™‡∏¥‡∏ß‡∏î‡πâ‡∏ß‡∏¢‡∏ï‡∏±‡∏ß‡πÄ‡∏≠‡∏á #‡∏ô‡∏Å‡∏Å‡∏µ‡πâ,th,6766,76000,7,0,1000000,6567814955956486146,nokkie148cm,‡∏ô‡∏Å‡∏Å‡∏µ‡πâ 148cm,"@CELENA Clinic : ‡∏™‡∏∏‡∏Ç‡∏∏‡∏°‡∏ß‡∏¥‡∏ó26,‡∏£‡∏≤‡∏ä‡∏û‡∏§‡∏Å‡∏©‡πå @Aesthera Lab : ‡πÇ‡∏£‡∏á‡∏á‡∏≤‡∏ô OEM ‡∏™‡∏Å‡∏¥‡∏ô‡πÅ‡∏Ñ‡∏£‡πå @Regagar : ‡∏ú‡∏•‡∏¥‡∏ï‡∏†‡∏±‡∏ì‡∏ë‡πå‡∏î‡∏π‡πÅ‡∏•‡∏ú‡∏¥‡∏ß‡πÄ‡∏î‡πá‡∏Å",False,509,https://www.tiktok.com/@nokkie148cm
1,23100.0,1053.0,479700.0,4039.0,240.0,86.0,‡∏Ñ‡∏ß‡∏£‡∏°‡∏≤‡∏™‡πå‡∏Å‡∏´‡∏ô‡πâ‡∏≤‡∏Å‡πà‡∏≠‡∏ô ‡∏´‡∏£‡∏∑‡∏≠ ‡∏´‡∏•‡∏±‡∏á‡∏ó‡∏≤‡∏™‡∏Å‡∏¥‡∏ô‡πÅ‡∏Ñ‡∏£‡πå‚Ä¶ ‡∏û‡∏µ‡πà‡∏ù‡∏∏‡πà‡∏á‡∏à‡∏∞‡∏°‡∏≤‡πÑ‡∏Ç‡∏Ñ‡∏≥‡∏ï‡∏≠‡∏ö‡πÉ‡∏´‡πâ‡∏Ñ‡∏£‡∏±‡∏ö #‡∏û‡∏µ‡πà‡∏ù‡∏∏‡πà‡∏á‡∏™‡∏≠‡∏ô‡∏î‡∏π‡πÅ‡∏•‡∏ú‡∏¥‡∏ß #‡∏™‡∏Å‡∏¥‡∏ô‡πÅ‡∏Ñ‡∏£‡πå #‡∏ö‡πç‡∏≤‡∏£‡∏∏‡∏á‡∏ú‡∏¥‡∏ß #‡∏°‡∏≤‡∏™‡πå‡∏Å‡∏´‡∏ô‡πâ‡∏≤ #fyp,th,5611,827800,65,0,9000000,7244809969257432069,foong.creamguy,‡∏û‡∏µ‡πà‡∏ù‡∏∏‡πà‡∏á ‡∏™‡∏≠‡∏ô‡∏î‡∏π‡πÅ‡∏•‡∏ú‡∏¥‡∏ß,"‡∏û‡∏µ‡πà‡∏ù‡∏∏‡πà‡∏á ‡∏ô‡∏±‡∏Å‡∏ß‡∏¥‡∏à‡∏±‡∏¢&CEO AMT Skincare ""‡∏ú‡∏¥‡∏ß‡∏™‡∏ß‡∏¢ ‡∏™‡∏∏‡∏Ç‡∏†‡∏≤‡∏û‡∏î‡∏µ"" ‡∏ó‡∏≥‡∏¢‡∏±‡∏á‡πÑ‡∏á? ‡∏ä‡πà‡∏≠‡∏á‡∏ô‡∏µ‡πâ‡∏°‡∏µ‡∏Ñ‡∏≥‡∏ï‡∏≠‡∏ö",False,263,https://www.tiktok.com/@foong.creamguy
4,19848.5,2495.75,510925.0,9587.25,109.25,78.75,‡πÄ‡∏õ‡∏∑‡∏î‡∏Å‡∏•‡πà‡∏≠‡∏á The hisoty of Whoo Hwanyu Imperia #‡∏£‡∏µ‡∏ß‡∏¥‡∏ß‡∏Ñ‡∏£‡∏µ‡∏°‡πÅ‡∏û‡∏á #‡∏Ñ‡∏£‡∏µ‡∏°‡πÑ‡∏°‡πà‡πÅ‡∏û‡∏á‡πÑ‡∏°‡πà‡∏°‡∏µ‡πÅ‡∏£‡∏á‡∏ó‡∏≤ #‡∏£‡∏µ‡∏ß‡∏¥‡∏ß‡∏ö‡∏¥‡∏ß‡∏ï‡∏µ‡πâ #‡∏£‡∏µ‡∏ß‡∏¥‡∏ß‡∏ö‡∏¥‡∏ß‡∏ï‡∏µ‡πà‡πÉ‡∏ôtiktok #tiktoklongs ‡∏£‡∏ß‡∏° 10 ‡πÄ‡∏ã‡∏£‡∏±‡πà‡∏°‡∏ü‡∏∑‡πâ‡∏ô‡∏ú‡∏¥‡∏ß‡∏´‡∏°‡∏≠‡∏á #‡∏£‡∏µ‡∏ß‡∏¥‡∏ß‡∏ö‡∏¥‡∏ß‡∏ï‡∏µ‡πâ #‡∏Ñ‡∏£‡∏µ‡∏°‡πÑ‡∏°‡πà‡πÅ‡∏û‡∏á‡πÑ‡∏°‡πà‡∏°‡∏µ‡πÅ‡∏£‡∏á‡∏ó‡∏≤ #‡∏£‡∏µ‡∏ß‡∏¥‡∏ß‡∏Ñ‡∏£‡∏µ‡∏°‡πÅ‡∏û‡∏á 10 ‡∏Ñ‡∏∏‡∏ä‡∏ä‡∏±‡πà‡∏ô‡πÉ‡∏ä‡πâ‡∏î‡∏µ #‡∏£‡∏µ‡∏ß‡∏¥‡∏ß‡∏ö‡∏¥‡∏ß‡∏ï‡∏µ‡πâ #‡∏£‡∏µ‡∏ß‡∏¥‡∏ß‡∏Ñ‡∏£‡∏µ‡∏°‡πÅ‡∏û‡∏á #‡∏Ñ‡∏£‡∏µ‡∏°‡πÑ‡∏°‡πà‡πÅ‡∏û‡∏á‡πÑ‡∏°‡πà‡∏°‡∏µ‡πÅ‡∏£‡∏á‡∏ó‡∏≤ #‡∏£‡∏µ‡∏ß‡∏¥‡∏ß‡∏ö‡∏¥‡∏ß‡∏ï‡∏µ‡πâ‡πÉ‡∏ôtiktok ‡∏ô‡πâ‡∏≥‡∏´‡∏≠‡∏° 10 ‡∏Å‡∏•‡∏¥‡πà‡∏ô‡∏ó‡∏µ‡πà‡∏ú‡∏π‡πâ‡∏´‡∏ç‡∏¥‡∏á‡∏ï‡πâ‡∏≠‡∏á‡∏°‡∏µ #‡∏£‡∏µ‡∏ß‡∏¥‡∏ß‡∏ö‡∏¥‡∏ß‡∏ï‡∏µ‡πâ #‡∏£‡∏µ‡∏ß‡∏¥‡∏ß‡∏Ñ‡∏£‡∏µ‡∏°‡πÅ‡∏û‡∏á #‡∏Ñ‡∏£‡∏µ‡∏°‡πÑ‡∏°‡πà‡πÅ‡∏û‡∏á‡πÑ‡∏°‡πà‡∏°‡∏µ‡πÅ‡∏£‡∏á‡∏ó‡∏≤,th,3467,228100,248,0,5100000,6805633544460649474,pmbeautyguide,‡∏£‡∏µ‡∏ß‡∏¥‡∏ß‡∏Ñ‡∏£‡∏µ‡∏°‡πÅ‡∏û‡∏á,,False,758,https://www.tiktok.com/@pmbeautyguide
2,1715.0,11.5,92535.0,19.0,2.0,64.5,Unbox ‡πÅ‡∏Å‡∏∞‡∏Å‡∏•‡πà‡∏≠‡∏á Special Box Set ‡∏ó‡∏µ‡πà‡∏ó‡∏≤‡∏á‡πÅ‡∏ö‡∏£‡∏ô‡∏î‡πå Clinique ‡∏™‡πà‡∏á‡∏°‡∏≤‡πÉ‡∏´‡πâ‡πÉ‡∏ô‡πÄ‡∏î‡∏∑‡∏≠‡∏ô‡πÄ‡∏Å‡∏¥‡∏î‡∏û‡∏≠‡∏î‡∏µ‡πÄ‡∏•‡∏¢ ‡∏à‡∏∞‡πÄ‡∏õ‡πá‡∏ô‡∏≠‡∏∞‡πÑ‡∏£‡∏°‡∏≤‡∏•‡∏∏‡πâ‡∏ô‡πÑ‡∏õ‡∏î‡πâ‡∏ß‡∏¢‡∏Å‡∏±‡∏ô‡∏Ñ‡πà‡∏∞ #‡∏£‡∏µ‡∏ß‡∏¥‡∏ß‡∏ö‡∏¥‡∏ß‡∏ï‡∏µ‡πâ #‡πÄ‡∏£‡∏∑‡πà‡∏≠‡∏á‡∏ú‡∏¥‡∏ß #‡πÅ‡∏Å‡∏∞‡∏Å‡∏•‡πà‡∏≠‡∏á‡∏Å‡∏±‡∏ô #‡∏Ç‡∏≠‡∏á‡∏Ç‡∏ß‡∏±‡∏ç ‡∏£‡∏ß‡∏°‡∏î‡∏≤‡∏ß‡πÄ‡∏ã‡∏£‡∏±‡πà‡∏°‡∏ú‡∏¥‡∏ß‡πÉ‡∏™‡∏ó‡∏µ‡πà‡πÉ‡∏ä‡πâ‡πÅ‡∏•‡πâ‡∏ß‡πÄ‡∏•‡∏¥‡∏ü‡πÅ‡∏ö‡∏ö‡∏ñ‡∏π‡∏Å‡∏¢‡∏±‡∏ô‡πÅ‡∏û‡∏á ‡∏ï‡∏±‡∏ß‡πÑ‡∏´‡∏ô‡πÄ‡∏£‡∏¥‡πà‡∏î‡∏™‡∏∏‡∏î‡∏°‡∏≤‡∏î‡∏π‡∏Å‡∏±‡∏ô #‡∏£‡∏µ‡∏ß‡∏¥‡∏ß‡∏ö‡∏¥‡∏ß‡∏ï‡∏µ‡πâ #‡πÄ‡∏£‡∏∑‡πà‡∏≠‡∏á‡∏ú‡∏¥‡∏ß #‡∏£‡∏µ‡∏ß‡∏¥‡∏ß‡∏™‡∏Å‡∏¥‡∏ô‡πÅ‡∏Ñ‡∏£‡πå #‡∏£‡∏≠‡∏¢‡∏™‡∏¥‡∏ß #‡πÄ‡∏ã‡∏£‡∏±‡πà‡∏°‡∏•‡∏î‡∏£‡∏≠‡∏¢ #AdvanceSerum #‡πÄ‡∏ã‡∏£‡∏±‡πà‡∏°‡πÇ‡∏î‡∏™‡∏™‡∏π‡∏á #Tiktok‡∏õ‡πâ‡∏≤‡∏¢‡∏¢‡∏≤,th,7701,27200,402,0,1000000,6897613548248499201,lan7is,üåàLantis‚õÖÔ∏è‚ú®,ùíîùíÜùíòùíäùíèùíà ‚Ä¢ ùíÉùíÜùíÇùíñùíïùíö ùíìùíÜùíóùíäùíÜùíò ig: lan7is / preppy.pear work: dm ig,False,1107,https://www.tiktok.com/@lan7is
1,1486.0,45.0,62500.0,67.0,30.0,89.0,Unboxing ‡∏ó‡∏∏‡∏Å‡∏ß‡∏µ‡πà‡∏ó‡∏∏‡∏Å‡∏ß‡∏±‡∏ô #‡πÇ‡∏°‡∏°‡∏ô‡∏ä‡∏ô‡∏Å #unboxing #‡∏£‡∏µ‡∏ß‡∏¥‡∏ß‡∏ö‡∏¥‡∏ß‡∏ï‡∏µ‡πâ #‡∏î‡∏¥‡πÄ‡∏≠‡∏•‡∏ü‡πå #TheElf #BoxSet‡∏î‡∏¥‡πÄ‡∏≠‡∏•‡∏ü‡πå,th,1774,829200,142,0,30700000,17771146,momonhappygirl,Momonchanok,Monchanok S. ‚ÄòBe the best version of yours‚Äô Line ID: tee.hubsub (‡∏ï‡∏¥‡∏î‡∏ï‡πà‡∏≠‡∏á‡∏≤‡∏ô),False,1508,https://www.tiktok.com/@momonhappygirl
1,85.0,0.0,978.0,4.0,6.0,188.0,Skincare ‡∏ó‡∏µ‡πà‡∏Ñ‡∏∏‡πâ‡∏°‡∏Ñ‡πà‡∏≤‡∏Å‡∏≤‡∏£‡∏•‡∏á‡∏ó‡∏∏‡∏ô ‡∏™‡πà‡∏ß‡∏ô‡∏ï‡∏±‡∏ß‡∏ä‡∏≠‡∏ö‡∏•‡∏≠‡∏á‡∏Ç‡∏≠‡∏á‡πÅ‡∏ñ‡∏°‡∏°‡∏≤‡∏Å‡∏Å‡∏Å‡∏Å #clarinsitalia #clarins #clarinsskincare #‡∏™‡∏Å‡∏¥‡∏ô‡πÅ‡∏Ñ‡∏£‡πå‡∏î‡∏π‡πÅ‡∏•‡∏ú‡∏¥‡∏ß,th,5860,5801,2389,0,117800,6834823104897975298,valentina.nan,‡∏ô‡∏≤‡∏á‡∏™‡∏≤‡∏ßThailandese‡πÉ‡∏ôItaly,‡πÅ‡∏ä‡∏£‡πå‡πÄ‡∏£‡∏∑‡πà‡∏≠‡∏á‡πÉ‡∏î‡πÜ‡∏ó‡∏µ‡πà‡∏≠‡∏¥‡∏ï‡∏≤‡∏•‡∏µ ‡∏Å‡∏•‡∏±‡∏ö‡πÑ‡∏ó‡∏¢‡∏Å‡πá‡πÅ‡∏ä‡∏£‡πå‡πÄ‡∏£‡∏∑‡πà‡∏≠‡∏á‡πÑ‡∏ó‡∏¢ ‡πÅ‡∏ä‡∏£‡πå‡∏†‡∏≤‡∏©‡∏≤‡∏≠‡∏¥‡∏ï‡∏≤‡πÄ‡∏•‡∏µ‡∏¢‡∏ô‡∏á‡πà‡∏≤‡∏¢‡πÜ‡πÄ‡∏û‡∏∑‡πà‡∏≠‡∏Ñ‡∏ß‡∏≤‡∏°‡∏ö‡∏±‡∏ô‡πÄ‡∏ó‡∏¥‡∏á,False,708,https://www.tiktok.com/@valentina.nan
1,5364.0,97.0,258700.0,482.0,200.0,65.0,‡∏°‡∏≤‡πÄ‡∏õ‡∏¥‡∏î‡∏Å‡∏•‡πà‡∏≠‡∏á‡∏Ñ‡∏£‡∏µ‡∏°‡πÅ‡∏•‡∏∞‡πÄ‡∏ã‡∏£‡∏±‡πà‡∏°‡∏ô‡∏≤‡∏á‡∏ü‡πâ‡∏≤‡∏Ñ‡∏£‡∏±‡πâ‡∏á‡πÅ‡∏£‡∏Å ‡πÇ‡∏ã‡∏à‡∏∂‡πâ‡∏á‡∏á‡∏áü™Ω#asmr #‡πÄ‡∏´‡∏°‡∏¢‡∏•‡∏µ‡πà #‡πÄ‡∏ã‡∏£‡∏±‡πà‡∏°‡∏ô‡∏≤‡∏á‡∏ü‡πâ‡∏≤ #‡∏Ñ‡∏£‡∏µ‡∏°‡∏ô‡∏≤‡∏á‡∏ü‡πâ‡∏≤,th,918,1000000,42,0,13100000,6523882359582343169,fernpnt_,‡πÄ‡∏´‡∏°‡∏¢‡∏•‡∏µ‡πàü¶ñ,‡∏ï‡∏¥‡∏î‡∏ï‡πà‡∏≠‡∏á‡∏≤‡∏ô Line ID : @eoirndaime,False,396,https://www.tiktok.com/@fernpnt_
9,8362.777777777777,646.4444444444445,244477.77777777778,2987.222222222222,65.88888888888889,74.33333333333333,‡πÉ‡∏´‡πâ‡∏Ñ‡∏∞‡πÅ‡∏ô‡∏ô‡∏ô‡πâ‡∏≥‡∏´‡∏≠‡∏°‡∏ó‡∏µ‡πà‡πÉ‡∏ä‡πâ EP2Ô∏è #‡∏ô‡πâ‡πç‡∏≤‡∏´‡∏≠‡∏° #‡∏ô‡πâ‡πç‡∏≤‡∏´‡∏≠‡∏°‡∏ú‡∏π‡πâ‡∏ä‡∏≤‡∏¢ #perfumetiktok #perfume #perfumecollection ‡∏£‡∏ß‡∏°‡∏ô‡πâ‡∏≥‡∏´‡∏≠‡∏°‡∏ï‡∏¥‡∏î‡∏ó‡∏ô 10 ‡∏ä‡∏°++Ô∏è #‡∏£‡∏µ‡∏ß‡∏¥‡∏ß‡∏ö‡∏¥‡∏ß‡∏ï‡∏µ‡πâ‡πÉ‡∏ôtiktok #‡∏£‡∏µ‡∏ß‡∏¥‡∏ß‡∏ö‡∏¥‡∏ß‡∏ï‡∏µ‡πâ #‡∏õ‡πâ‡∏≤‡∏¢‡∏¢‡∏≤ #tiktokuni #tiktok‡∏ö‡∏¥‡∏ß‡∏ï‡∏µ‡πâ #‡∏ô‡πâ‡πç‡∏≤‡∏´‡∏≠‡∏° #‡∏ô‡πâ‡πç‡∏≤‡∏´‡∏≠‡∏°‡∏ú‡∏π‡πâ‡∏ä‡∏≤‡∏¢ #‡∏ô‡πâ‡πç‡∏≤‡∏´‡∏≠‡∏°‡∏ú‡∏π‡πâ‡∏´‡∏ç‡∏¥‡∏á #‡∏£‡∏µ‡∏ß‡∏¥‡∏ß‡∏ô‡πâ‡πç‡∏≤‡∏´‡∏≠‡∏° #‡∏ï‡∏±‡∏ß‡∏´‡∏≠‡∏° #‡∏£‡∏µ‡∏ß‡∏¥‡∏ß‡∏ô‡πâ‡πç‡∏≤‡∏´‡∏≠‡∏°‡∏ï‡∏¥‡∏î‡∏ó‡∏ô #‡∏£‡∏µ‡∏ß‡∏¥‡∏ß‡∏ô‡πâ‡πç‡∏≤‡∏´‡∏≠‡∏°‡∏Ç‡∏≤‡∏¢‡∏î‡∏µ #‡∏ï‡∏±‡∏ß‡∏´‡∏≠‡∏°‡∏¢‡∏∑‡∏ô‡∏´‡∏ô‡∏∂‡πà‡∏á ‡πÉ‡∏´‡πâ‡∏Ñ‡∏∞‡πÅ‡∏ô‡∏ô‡∏ô‡πâ‡∏≥‡∏ï‡∏ö‡∏ú‡∏¥‡∏ß‡∏Å‡∏£‡∏∞‡∏à‡πà‡∏≤‡∏á‡πÉ‡∏™ ‡∏ï‡∏±‡∏ß‡πÑ‡∏´‡∏ô‡∏à‡∏∂‡πâ‡∏á‡∏ö‡πâ‡∏≤‡∏á!Ô∏è #‡∏£‡∏µ‡∏ß‡∏¥‡∏ß‡∏™‡∏Å‡∏¥‡∏ô‡πÅ‡∏Ñ‡∏£‡πå #‡∏ô‡πâ‡πç‡∏≤‡∏ï‡∏ö #‡∏ú‡∏¥‡∏ß‡∏Å‡∏£‡∏∞‡∏à‡πà‡∏≤‡∏á‡πÉ‡∏™ #‡∏™‡∏Å‡∏¥‡∏ô‡πÅ‡∏Ñ‡∏£‡πå #‡∏£‡∏µ‡∏ß‡∏¥‡∏ß‡∏ö‡∏¥‡∏ß‡∏ï‡∏µ‡πâ #‡∏£‡∏µ‡∏ß‡∏¥‡∏ß‡∏ö‡∏¥‡∏ß‡∏ï‡∏µ‡πâ‡πÉ‡∏ôtiktok #‡∏ú‡∏¥‡∏ß‡∏Å‡∏£‡∏∞‡∏à‡πà‡∏≤‡∏á‡πÉ‡∏™ ‡πÉ‡∏´‡πâ‡∏Ñ‡∏∞‡πÅ‡∏ô‡∏ô‡∏ô‡πâ‡∏≥‡∏´‡∏≠‡∏°‡∏ï‡∏¥‡∏î‡∏ó‡∏ô 10 ‡∏ä‡∏°+ Ô∏è #‡∏£‡∏µ‡∏ß‡∏¥‡∏ß‡∏ô‡πâ‡πç‡∏≤‡∏´‡∏≠‡∏° #‡∏ï‡∏±‡∏ß‡∏´‡∏≠‡∏° #perfume #perfumetiktok #perfumetok ‡∏ô‡πâ‡∏≥‡∏´‡∏≠‡∏° Loewe ‡∏Ñ‡∏≠‡∏•‡πÉ‡∏´‡∏°‡πà‡∏Ñ‡∏∑‡∏≠‡∏™‡∏∏‡∏î‡∏î‡∏î ‡∏Å‡∏•‡∏¥‡πà‡∏ô‡∏´‡∏≠‡∏°‡πÅ‡∏ö‡∏ö‡∏Ç‡∏ô‡∏•‡∏∏‡∏Å‡∏à‡∏£‡∏¥‡∏á!Ô∏è #‡∏£‡∏µ‡∏ß‡∏¥‡∏ß‡∏ö‡∏¥‡∏ß‡∏ï‡∏µ‡πâ #‡∏õ‡πâ‡∏≤‡∏¢‡∏¢‡∏≤ #‡∏õ‡πâ‡∏≤‡∏¢‡∏¢‡∏≤tiktok #tiktok‡∏ö‡∏¥‡∏ß‡∏ï‡∏µ‡πâ #‡∏ö‡∏¥‡∏ß‡∏ï‡∏µ‡πâ #tiktok‡∏õ‡πâ‡∏≤‡∏¢‡∏¢‡∏≤ #‡∏ô‡πâ‡πç‡∏≤‡∏´‡∏≠‡∏° #‡∏£‡∏µ‡∏ß‡∏¥‡∏ß‡∏ô‡πâ‡πç‡∏≤‡∏´‡∏≠‡∏° #‡∏£‡∏µ‡∏ß‡∏¥‡∏ß‡∏ô‡πâ‡πç‡∏≤‡∏´‡∏≠‡∏°‡∏ú‡∏π‡πâ‡∏ä‡∏≤‡∏¢ #‡∏£‡∏µ‡∏ß‡∏¥‡∏ß‡∏ô‡πâ‡πç‡∏≤‡∏´‡∏≠‡∏°‡∏Ç‡∏≤‡∏¢‡∏î‡∏µ #‡∏ô‡πâ‡πç‡∏≤‡∏´‡∏≠‡∏°‡∏ú‡∏π‡πâ‡∏ä‡∏≤‡∏¢ #loewe Replying to @croffle_b ‡∏ï‡∏¥‡∏î‡∏Ç‡πâ‡∏≤‡∏°‡∏ß‡∏±‡∏ô ‡∏Ç‡πâ‡∏≤‡∏°‡∏Ñ‡∏∑‡∏ô‡∏≠‡∏¢‡∏π‡πà‡∏≠‡∏¢‡πà‡∏≤‡∏á‡∏á‡∏±‡πâ‡∏ô‡∏ô‡∏ô!Ô∏è #‡∏£‡∏µ‡∏ß‡∏¥‡∏ß‡∏ö‡∏¥‡∏ß‡∏ï‡∏µ‡πâ #‡∏£‡∏µ‡∏ß‡∏¥‡∏ß‡∏ô‡πâ‡πç‡∏≤‡∏´‡∏≠‡∏° #‡∏ô‡πâ‡πç‡∏≤‡∏´‡∏≠‡∏° #‡∏ô‡πâ‡πç‡∏≤‡∏´‡∏≠‡∏°‡∏ú‡∏π‡πâ‡∏ä‡∏≤‡∏¢ #‡∏ô‡πâ‡πç‡∏≤‡∏´‡∏≠‡∏°‡∏ú‡∏π‡πâ‡∏´‡∏ç‡∏¥‡∏á #‡∏ô‡πâ‡πç‡∏≤‡∏´‡∏≠‡∏°‡∏ï‡∏¥‡∏î‡∏ó‡∏ô #‡∏â‡∏µ‡∏î‡∏ô‡πâ‡πç‡∏≤‡∏´‡∏≠‡∏°‡∏¢‡∏±‡∏á‡πÑ‡∏á‡πÉ‡∏´‡πâ‡∏ï‡∏¥‡∏î‡∏ó‡∏ô ‡∏£‡∏π‡∏ó‡∏µ‡∏ô ‡∏ú‡∏¥‡∏ß‡∏°‡∏±‡∏ô ‡πÄ‡∏õ‡πá‡∏ô‡∏™‡∏¥‡∏ß ‡∏á‡∏ö‡∏õ‡∏£‡∏∞‡∏´‡∏¢‡∏±‡∏î / ‡πÑ‡∏°‡πà‡∏à‡∏≥‡∏Å‡∏±‡∏îÔ∏è #‡∏™‡∏Å‡∏¥‡∏ô‡πÅ‡∏Ñ‡∏£‡πå #‡∏£‡∏µ‡∏ß‡∏¥‡∏ß‡∏™‡∏Å‡∏¥‡∏ô‡πÅ‡∏Ñ‡∏£‡πå #‡∏ú‡∏¥‡∏ß‡∏°‡∏±‡∏ô #‡πÄ‡∏ó‡∏£‡∏ô‡∏ß‡∏±‡∏ô‡∏ô‡∏µ‡πâ #‡∏£‡∏µ‡∏ß‡∏¥‡∏ß‡∏ö‡∏¥‡∏ß‡∏ï‡∏µ‡πâ #‡∏°‡∏≠‡∏¢‡πÄ‡∏à‡∏≠‡∏£‡πå‡πÑ‡∏£‡πÄ‡∏ã‡∏≠‡∏£‡πå #‡∏™‡∏Å‡∏¥‡∏ô‡πÅ‡∏Ñ‡∏£‡πå3‡∏ô‡∏≤‡∏ó‡∏µ Replying to @smile_1997m ‡∏à‡∏±‡∏î‡∏£‡∏π‡∏ó‡∏µ‡∏ô‡∏™‡∏≥‡∏´‡∏£‡∏±‡∏ö‡∏Ñ‡∏ô‡∏ú‡∏¥‡∏ß‡πÅ‡∏´‡πâ‡∏á ‡∏Ç‡∏≤‡∏î‡∏Ñ‡∏ß‡∏≤‡∏°‡∏ä‡∏∏‡πà‡∏°‡∏ä‡∏∑‡πâ‡∏ô‡∏õ‡∏±‡∏á‡πÜ‡∏°‡∏≤‡πÉ‡∏´‡πâ!Ô∏è ##‡∏£‡∏µ‡∏ß‡∏¥‡∏ß‡∏ö‡∏¥‡∏ß‡∏ï‡∏µ‡πâ##‡∏£‡∏µ‡∏ß‡∏¥‡∏ß‡∏Ç‡∏≠‡∏á‡∏î‡∏µ‡∏ö‡∏≠‡∏Å‡∏ï‡πà‡∏≠##‡∏™‡∏Å‡∏¥‡∏ô‡πÅ‡∏Ñ‡∏£‡πå##‡∏™‡∏Å‡∏¥‡∏ô‡πÅ‡∏Ñ‡∏£‡πå‡∏î‡∏π‡πÅ‡∏•‡∏ú‡∏¥‡∏ß#‡∏™‡∏Å‡∏¥‡∏ô‡πÅ‡∏Ñ‡∏£‡πå‡∏ö‡∏≥‡∏£‡∏∏‡∏á‡∏ú‡∏¥‡∏ß‡∏´‡∏ô‡πâ‡∏≤ #‡∏™‡∏Å‡∏¥‡∏ô‡πÅ‡∏Ñ‡∏£‡πå‡∏£‡∏π‡∏ó‡∏µ‡∏ô ‡∏õ‡πâ‡∏≤‡∏¢‡∏¢‡∏≤‡∏ô‡πâ‡∏≥‡∏´‡∏≠‡∏°‡∏•‡∏π‡∏Å‡∏Ñ‡∏∏‡∏ì‡∏ó‡∏µ‡πà‡∏ï‡πâ‡∏≠‡∏á‡∏°‡∏µ Ô∏è #‡∏£‡∏µ‡∏ß‡∏¥‡∏ß‡∏ö‡∏¥‡∏ß‡∏ï‡∏µ‡πâ‡πÉ‡∏ôtiktok #‡∏£‡∏µ‡∏ß‡∏¥‡∏ß‡∏ö‡∏¥‡∏ß‡∏ï‡∏µ‡πâ #‡∏õ‡πâ‡∏≤‡∏¢‡∏¢‡∏≤ #tiktokuni #tiktok‡∏ö‡∏¥‡∏ß‡∏ï‡∏µ‡πâ #‡∏ô‡πâ‡∏≥‡∏´‡∏≠‡∏° #‡∏ô‡πâ‡πç‡∏≤‡∏´‡∏≠‡∏°‡∏ú‡∏π‡πâ‡∏ä‡∏≤‡∏¢ #‡∏ô‡πâ‡πç‡∏≤‡∏´‡∏≠‡∏°‡∏ú‡∏π‡πâ‡∏´‡∏ç‡∏¥‡∏á #‡∏£‡∏µ‡∏ß‡∏¥‡∏ß‡∏ô‡πâ‡πç‡∏≤‡∏´‡∏≠‡∏° #‡∏£‡∏µ‡∏ß‡∏¥‡∏ß‡∏ô‡πâ‡πç‡∏≤‡∏´‡∏≠‡∏°‡∏ú‡∏π‡πâ‡∏ä‡∏≤‡∏¢ #‡∏£‡∏µ‡∏ß‡∏¥‡∏ß‡∏ô‡πâ‡πç‡∏≤‡∏´‡∏≠‡∏°‡∏Ç‡∏≤‡∏¢‡∏î‡∏µ #‡∏£‡∏µ‡∏ß‡∏¥‡∏ß‡∏ô‡πâ‡πç‡∏≤‡∏´‡∏≠‡∏°‡∏ï‡∏¥‡∏î‡∏ó‡∏ô #‡∏ï‡∏±‡∏ß‡∏´‡∏≠‡∏°,th,6467,94800,165,0,3600000,7107972188321842203,intheafterglows,intheafterglows,beauty & fashion For work ‚Äì LINE : @intheafterglows,False,779,https://www.tiktok.com/@intheafterglows
1,771.0,34.0,42900.0,135.0,15.0,135.0,Signature scent ‡∏Å‡∏•‡∏¥‡πà‡∏ô‡πÉ‡∏´‡∏°‡πà ‡∏ï‡∏±‡πâ‡∏á‡πÅ‡∏ï‡πà‡πÑ‡∏î‡πâ‡∏•‡∏≠‡∏á‡∏Å‡πá‡πÉ‡∏ä‡πâ‡∏ó‡∏∏‡∏Å‡∏ß‡∏±‡∏ô‡πÄ‡∏û‡∏£‡∏≤‡∏∞‡∏ó‡∏±‡πâ‡∏á‡∏ï‡∏¥‡∏î‡∏ó‡∏ô‡πÅ‡∏•‡∏∞‡∏Å‡∏•‡∏¥‡πà‡∏ô‡∏î‡∏µ #narcisorodriguez #forherintense #‡∏ô‡πâ‡πç‡∏≤‡∏´‡∏≠‡∏° #‡∏£‡∏µ‡∏ß‡∏¥‡∏ß‡∏ö‡∏¥‡∏ß‡∏ï‡∏µ‡πâ,th,2653,342600,115,0,12800000,6807821962532013057,nururduh,nururduh,LINE: @shernin195,False,293,https://www.tiktok.com/@nururduh
2,127600.0,4195.5,2200000.0,56350.0,457.0,62.5,‡∏£‡∏á‡∏°‡∏ô‡πâ‡∏≥‡∏´‡∏≠‡∏°‡∏ú‡∏π‡πâ‡∏´‡∏ç‡∏¥‡∏á‡πÉ‡∏ô‡πÅ‡∏ï‡πà‡∏•‡∏∞‡πÇ‡∏≠‡∏Å‡∏≤‡∏™‡∏ó‡∏µ‡πà‡∏ú‡∏π‡πâ‡∏ä‡∏≤‡∏¢‡∏Ñ‡∏≠‡∏ô‡πÄ‡∏ü‡∏¥‡∏£‡πå‡∏°‡∏ß‡πà‡∏≤‡∏´‡∏≠‡∏° ! Ô∏è #tiktoklooks #tiktokuni #‡∏£‡∏µ‡∏ß‡∏¥‡∏ß‡∏ô‡πâ‡πç‡∏≤‡∏´‡∏≠‡∏° ‡∏£‡∏ß‡∏°‡∏ô‡πâ‡∏≥‡∏´‡∏≠‡∏°‡∏Å‡∏•‡∏¥‡πà‡∏ô ‚Äú‡∏Ñ‡∏ô‡∏™‡∏ß‡∏¢‡∏Ç‡∏≤‚Äù ‡∏ó‡∏µ‡πà‡πÑ‡∏î‡πâ‡∏Å‡∏•‡∏¥‡πà‡∏ô‡πÅ‡∏•‡πâ‡∏ß‡πÄ‡∏™‡∏µ‡∏¢‡∏≠‡∏≤‡∏Å‡∏≤‡∏£ #tiktoklooks #tiktokuni #‡∏ú‡∏¥‡∏ß‡∏î‡∏µ‡∏Å‡∏±‡∏ö‡∏û‡∏µ‡πà‡πÇ‡∏î #‡∏£‡∏µ‡∏ß‡∏¥‡∏ß‡∏ô‡πâ‡πç‡∏≤‡∏´‡∏≠‡∏°,th,603,760900,91,0,16700000,6597407620809457665,donutbeautybrains,DONUT BEAUTY BRAINS,#‡∏ú‡∏¥‡∏ß‡∏î‡∏µ‡∏Å‡∏±‡∏ö‡∏û‡∏µ‡πà‡πÇ‡∏î My baby @THE LABATORIAN ùêèùêáùêÄùêëùêÇùêéùêí,False,382,https://www.tiktok.com/@donutbeautybrains
1,238.0,23.0,9375.0,87.0,7.0,89.0,‡∏ô‡πâ‡∏≥‡∏´‡∏≠‡∏°‡∏ó‡∏µ‡πà‡πÉ‡∏ä‡πâ‡πÑ‡∏î‡πâ ‡∏ó‡∏±‡πâ‡∏á‡∏Å‡∏•‡∏≤‡∏á‡∏ß‡∏±‡∏ô‡πÅ‡∏•‡∏∞‡∏Å‡∏•‡∏≤‡∏á‡∏Ñ‡∏∑‡∏ô #‡∏ô‡πâ‡πç‡∏≤‡∏´‡∏≠‡∏° #you #ilovetiktok #perfume #perfumetiktok,th,4033,2478,1,0,72300,7437019335581254677,i_cream666,‡∏à‡∏∞‡∏ñ‡∏π‡∏Å‡∏à‡∏∞‡πÅ‡∏û‡∏á‡∏Å‡πá‡∏ã‡∏∑‡πâ‡∏≠‡∏°‡∏≤‡∏Å‡πà‡∏≠‡∏ô,chasing dreams | Be fully pres(c)ent. Ô∏è‡∏à‡∏∞‡∏ñ‡∏π‡∏Å‡∏à‡∏∞‡πÅ‡∏û‡∏á‡∏Å‡πá‡∏ã‡∏∑‡πâ‡∏≠‡∏°‡∏≤‡∏Å‡πà‡∏≠‡∏ôÔ∏è,False,335,https://www.tiktok.com/@i_cream666
1,5681.0,438.0,324600.0,2190.0,18.0,46.0,‡∏™‡∏≤‡∏ß‡∏Å‡∏ô‡πâ‡∏≥‡∏´‡∏≠‡∏°‡∏ü‡∏•‡∏≠‡∏£‡∏±‡∏•‡∏ü‡∏£‡∏∏‡πä‡∏ï‡∏ï‡∏µ‡πâ ‡∏ï‡πâ‡∏≠‡∏á‡πÑ‡∏°‡πà‡∏û‡∏•‡∏≤‡∏î 8 ‡∏ô‡πâ‡∏≥‡∏´‡∏≠‡∏° Dior ‡∏¢‡∏≠‡∏î‡∏Æ‡∏¥‡∏ï ‡∏Å‡∏•‡∏¥‡πà‡∏ô‡∏´‡∏≠‡∏°‡∏ï‡∏¥‡∏î‡∏ó‡∏ô ‡∏´‡∏≠‡∏°‡∏•‡∏∞‡∏°‡∏∏‡∏ô‡∏ï‡∏•‡∏≠‡∏î‡∏ß‡∏±‡∏ô ‡∏°‡∏µ‡∏Å‡∏•‡∏¥‡πà‡∏ô‡πÑ‡∏´‡∏ô‡∏ô‡πà‡∏≤‡∏ï‡∏≥‡∏ö‡πâ‡∏≤‡∏á ‡∏ï‡∏≤‡∏°‡πÑ‡∏õ‡∏î‡∏π‡πÄ‡∏•‡∏¢ #tiktok‡∏ö‡∏¥‡∏ß‡∏ï‡∏µ‡πâ #‡∏£‡∏µ‡∏ß‡∏¥‡∏ß‡∏ö‡∏¥‡∏ß‡∏ï‡∏µ‡πâ #‡∏£‡∏µ‡∏ß‡∏¥‡∏ß‡∏ô‡πâ‡πç‡∏≤‡∏´‡∏≠‡∏° #‡∏ô‡πâ‡πç‡∏≤‡∏´‡∏≠‡∏°‡∏ú‡∏π‡πâ‡∏´‡∏ç‡∏¥‡∏á #‡∏£‡∏µ‡∏ß‡∏¥‡∏ß‡∏ô‡πâ‡πç‡∏≤‡∏´‡∏≠‡∏°‡∏ï‡∏¥‡∏î‡∏ó‡∏ô #‡∏ô‡πâ‡πç‡∏≤‡∏´‡∏≠‡∏°‡∏î‡∏¥‡∏≠‡∏≠‡∏£‡πå,th,105,69900,1,0,1400000,6992496826881098754,akeru.official,Akeru,Ô∏é‡∏≠‡∏±‡∏õ‡πÄ‡∏î‡∏ï‡πÄ‡∏ó‡∏£‡∏ô‡∏î‡πå‡∏ö‡∏¥‡∏ß‡∏ï‡∏µ‡πâ ‡πÄ‡∏Ñ‡∏£‡∏∑‡πà‡∏≠‡∏á‡∏™‡∏≥‡∏≠‡∏≤‡∏á ‡∏™‡∏Å‡∏¥‡∏ô‡πÅ‡∏Ñ‡∏£‡πå ‡∏°‡∏±‡∏î‡∏£‡∏ß‡∏°‡∏ó‡∏∏‡∏Å‡πÑ‡∏•‡∏ü‡πå‡∏™‡πÑ‡∏ï‡∏•‡πå‡∏ó‡∏µ‡πà‡∏™‡∏≤‡∏ß‡πÜ ‡∏ï‡πâ‡∏≠‡∏á‡πÄ‡∏•‡∏¥‡∏üÔ∏é,False,552,https://www.tiktok.com/@akeru.official
1,2668.0,430.0,81100.0,967.0,18.0,55.0,Moshi Moshi ‡∏°‡∏±‡∏î‡∏£‡∏ß‡∏°‡∏ô‡πâ‡∏≥‡∏´‡∏≠‡∏°‡∏£‡∏∏‡πà‡∏ô‡∏Æ‡∏¥‡∏ï ‡∏£‡∏≤‡∏Ñ‡∏≤‡∏î‡∏µ ‡πÅ‡∏ñ‡∏°‡∏î‡∏µ‡πÑ‡∏ã‡∏ô‡πå‡∏Ç‡∏ß‡∏î‡∏Å‡πá‡πÄ‡∏•‡∏¥‡∏®‡∏°‡∏≤‡πÉ‡∏´‡πâ‡πÅ‡∏•‡πâ‡∏ß‡∏ß ‡∏°‡∏µ‡∏ó‡∏±‡πâ‡∏á‡∏ô‡πâ‡∏≥‡∏´‡∏≠‡∏°‡∏ú‡∏π‡πâ‡∏´‡∏ç‡∏¥‡∏á ‡πÅ‡∏•‡∏∞ ‡∏ô‡πâ‡∏≥‡∏´‡∏≠‡∏°‡∏ú‡∏π‡πâ‡∏ä‡∏≤‡∏¢‡πÄ‡∏•‡∏¢‡∏ô‡πâ‡∏≤ ‡∏ö‡∏≠‡∏Å‡πÄ‡∏•‡∏¢‡∏ß‡πà‡∏≤‡πÅ‡∏ï‡πà‡∏•‡∏∞‡∏Å‡∏•‡∏¥‡πà‡∏ô‡∏ó‡∏±‡πâ‡∏á‡∏´‡∏≠‡∏° ‡πÅ‡∏•‡∏∞‡∏ï‡∏¥‡∏î‡∏ó‡∏ô‡πÑ‡∏õ‡∏ï‡∏•‡∏≠‡∏î‡∏ó‡∏±‡πâ‡∏á‡∏ß‡∏±‡∏ô‡πÄ‡∏•‡πâ‡∏¢‡∏¢ ‡∏ö‡∏≠‡∏Å‡πÄ‡∏•‡∏¢‡∏ß‡πà‡∏≤‡∏°‡∏µ‡∏´‡∏•‡∏≤‡∏Å‡∏´‡∏•‡∏≤‡∏¢‡∏Å‡∏•‡∏¥‡πà‡∏ô‡πÅ‡∏•‡∏∞‡πÄ‡∏´‡∏°‡∏≤‡∏∞‡∏Å‡∏±‡∏ö‡∏ó‡∏∏‡∏Å‡∏™‡πÑ‡∏ï‡∏•‡πå ‡∏ã‡∏∑‡πâ‡∏≠‡∏á‡πà‡∏≤‡∏¢ ‡∏£‡∏≤‡∏Ñ‡∏≤‡∏ô‡πà‡∏≤‡∏£‡∏±‡∏Å ‡∏û‡∏¥‡∏Å‡∏±‡∏î‡∏ó‡∏µ‡πà‡∏£‡πâ‡∏≤‡∏ô Moshi Moshi ‡πÄ‡∏•‡∏¢‡∏¢ Ô∏è #MoshiMoshi#‡πÇ‡∏°‡∏ä‡∏¥‡πÇ‡∏°‡∏ä‡∏¥ #MoshiMoshiPerfume #‡∏ô‡πâ‡∏≥‡∏´‡∏≠‡∏°‡∏£‡∏≤‡∏Ñ‡∏≤‡∏ô‡πà‡∏≤‡∏£‡∏±‡∏Å #‡∏ô‡πâ‡πç‡∏≤‡∏´‡∏≠‡∏°‡∏ï‡∏¥‡∏î‡∏ó‡∏ô #perfumes,th,32,189300,0,0,1800000,6819604931742761985,moshimoshi.official,Moshi Moshi,Let us be parts of your everyday life Ô∏è,True,595,https://www.tiktok.com/@moshimoshi.official
1,46400.0,1016.0,1300000.0,6382.0,322.0,53.0,‡∏õ‡πâ‡∏≤‡∏¢‡∏¢‡∏≤ 100000% ‡∏´‡∏≠‡∏°‡πÄ‡∏ó‡∏µ‡∏¢‡∏ö‡πÅ‡∏ó‡πâ‡πÄ‡∏•‡∏¢‡∏ó‡∏∏‡∏Å‡∏Ñ‡∏ô ‡πÅ‡∏•‡∏∞‡∏ï‡∏¥‡∏î‡∏ó‡∏ô‡∏°‡∏≤‡∏Å‡∏Å‡∏Å‡∏Å‡∏Å ‡∏£‡∏π‡πâ‡∏á‡∏µ‡πâ‡∏ã‡∏∑‡πâ‡∏≠‡∏ô‡∏≤‡∏ô‡πÅ‡∏•‡πâ‡∏ß‡∏ß‡∏ß‡∏ß ‡∏≠‡πä‡∏≤‡∏Ñ‡∏Ñ‡∏Ñ ‡∏à‡∏∂‡πâ‡∏á‡πÄ‡∏Å‡∏¥‡∏ô #‡∏ô‡πâ‡∏≥‡∏´‡∏≠‡∏° #‡∏£‡∏µ‡∏ß‡∏¥‡∏ß‡∏ô‡πâ‡πç‡∏≤‡∏´‡∏≠‡∏° #‡∏û‡∏¥‡∏°‡∏£‡∏µ‡πà‡∏û‡∏≤‡∏¢ #‡∏ô‡πâ‡πç‡∏≤‡∏´‡∏≠‡∏°‡∏ï‡∏¥‡∏î‡∏ó‡∏ô,th,4335,173200,19,0,8500000,7225129610244703237,ms.100cushions,‡πÄ‡∏à‡πâ‡∏≤‡πÅ‡∏°‡πà‡∏Ñ‡∏∏‡∏ä‡∏ä‡∏±‡πà‡∏ô 100 ‡∏ï‡∏•‡∏±‡∏ö,‡∏û‡∏¥‡∏Å‡∏±‡∏î ‡∏à‡∏¥‡πâ‡∏°‡∏î‡πâ‡∏≤‡∏ô‡∏•‡πà‡∏≤‡∏á‡∏ô‡∏µ‡πâ ‚ÜôÔ∏è,False,649,https://www.tiktok.com/@ms.100cushions
2,1086.5,194.5,52550.0,233.0,23.0,49.0,‡∏°‡∏±‡∏î‡∏£‡∏ß‡∏°‡∏ô‡πâ‡∏≥‡∏´‡∏≠‡∏°‡∏™‡∏≥‡∏´‡∏£‡∏±‡∏ö‡∏™‡∏≤‡∏ß‡∏´‡∏ß‡∏≤‡∏ô ‡∏ó‡∏±‡πâ‡∏á‡∏´‡∏ß‡∏≤‡∏ô‡∏ó‡∏±‡πâ‡∏á‡∏ï‡∏¥‡∏î‡∏ó‡∏ô ‡∏≠‡∏∞‡πÑ‡∏£‡∏°‡∏±‡∏ô‡∏à‡∏∞‡πÄ‡∏£‡∏¥‡πà‡∏î‡∏Ç‡∏ô‡∏≤‡∏î‡∏ô‡∏µ‡πâ! ü©∑ #‡∏£‡∏µ‡∏ß‡∏¥‡∏ß‡∏ô‡πâ‡∏≥‡∏´‡∏≠‡∏° #‡∏ô‡πâ‡∏≥‡∏´‡∏≠‡∏°‡πÅ‡∏ó‡πâ‡πÅ‡∏ö‡πà‡∏á‡∏Ç‡∏≤‡∏¢ #‡∏ô‡πâ‡πç‡∏≤‡∏´‡∏≠‡∏°‡∏Å‡∏•‡∏¥‡πà‡∏ô‡∏´‡∏ß‡∏≤‡∏ô #‡∏£‡∏µ‡∏ß‡∏¥‡∏ß‡∏ö‡∏¥‡∏ß‡∏ï‡∏µ‡πâ #jiraperfumes‡πÅ‡∏ö‡πà‡∏á‡∏Ç‡∏≤‡∏¢ ‡∏£‡∏µ‡∏ß‡∏¥‡∏ß miss dior essence 2025 ‡∏ô‡πâ‡∏≠‡∏á‡πÇ‡∏ö‡∏ß‡πå‡∏î‡∏≥ ‡∏Å‡∏•‡∏¥‡πà‡∏ô‡∏´‡∏≠‡∏°‡∏´‡∏ß‡∏≤‡∏ô‡∏â‡πà‡∏≥‡∏™‡∏≤‡πÅ‡∏Å‡πà‡πÉ‡∏à‡∏°‡∏≤‡∏Å‡∏Å‡∏Å‡∏Å ‡∏ô‡πâ‡∏≠‡∏á‡∏ï‡∏¥‡∏î‡∏ó‡∏ô‡∏Ç‡πâ‡∏≤‡∏°‡∏ß‡∏±‡∏ô‡πÄ‡∏´‡∏°‡∏∑‡∏≠‡∏ô‡∏ó‡∏µ‡πà‡∏Ñ‡∏∏‡∏ì‡πÄ‡∏≠‡πá‡∏°‡∏ä‡πà‡∏≠‡∏á‡∏£‡∏µ‡∏ß‡∏¥‡∏ß‡∏Ñ‡∏£‡∏µ‡∏°‡πÅ‡∏û‡∏á‡∏£‡∏µ‡∏ß‡∏¥‡∏ß‡πÑ‡∏ß‡πâ‡πÄ‡∏•‡∏¢‡∏Ñ‡πà‡∏∞ ü´†Ô∏è #‡∏£‡∏µ‡∏ß‡∏¥‡∏ß‡∏ô‡πâ‡∏≥‡∏´‡∏≠‡∏° #‡∏ô‡πâ‡∏≥‡∏´‡∏≠‡∏°‡πÅ‡∏ó‡πâ‡πÅ‡∏ö‡πà‡∏á‡∏Ç‡∏≤‡∏¢ #‡∏ô‡πâ‡∏≥‡∏´‡∏≠‡∏°‡πÅ‡∏ö‡πà‡∏á‡∏Ç‡∏≤‡∏¢ #missdioressence #jiraperfumes‡πÅ‡∏ö‡πà‡∏á‡∏Ç‡∏≤‡∏¢,th,7529,17200,166,0,89000,7032646801048765466,jira.perfumes,Jira.perfumes ‡∏ô‡πâ‡∏≥‡∏´‡∏≠‡∏°‡πÅ‡∏ó‡πâ‡πÅ‡∏ö‡πà‡∏á‡∏Ç‡∏≤‡∏¢,‡∏ô‡πâ‡∏≥‡∏´‡∏≠‡∏°‡πÅ‡∏ó‡πâ‡πÅ‡∏ö‡πà‡∏á‡∏Ç‡∏≤‡∏¢ ‡∏à‡∏¥‡πâ‡∏°‡∏•‡∏¥‡πâ‡∏á‡∏Ñ‡πå‡πÑ‡∏î‡πâ‡πÄ‡∏•‡∏¢‡∏Ñ‡πà‡∏≤ ü©∑ ‡πÑ‡∏°‡πà‡∏Ç‡∏≤‡∏¢‡∏Ç‡∏≠‡∏á‡∏õ‡∏•‡∏≠‡∏° ‡πÑ‡∏°‡πà‡∏ú‡∏™‡∏° ID : @jiraperfumes,False,96,https://www.tiktok.com/@jira.perfumes
3,847.0,96.66666666666667,45814.666666666664,223.66666666666666,27.333333333333332,45.0,‡∏õ‡πâ‡∏≤‡∏¢‡∏¢‡∏≤‡∏ô‡πâ‡∏≥‡∏´‡∏≠‡∏°‡∏£‡∏≤‡∏Ç‡∏ô‡∏¥‡∏Å‡∏π‡∏• PDM Delina Exclusif #‡∏£‡∏µ‡∏ß‡∏¥‡∏ß‡∏ô‡πâ‡πç‡∏≤‡∏´‡∏≠‡∏° #‡∏£‡∏µ‡∏ß‡∏¥‡∏ß‡∏ô‡πâ‡πç‡∏≤‡∏´‡∏≠‡∏°‡∏ï‡∏¥‡∏î‡∏ó‡∏ô #‡∏Å‡∏•‡∏¥‡πà‡∏ô‡∏ô‡πâ‡πç‡∏≤‡∏´‡∏≠‡∏°‡πÅ‡∏ö‡∏£‡∏ô‡∏î‡πå‡∏î‡∏±‡∏á #‡πÄ‡∏ò‡∏£‡∏î‡πÅ‡∏ô‡∏∞‡∏ô‡πç‡∏≤‡∏ô‡πâ‡πç‡∏≤‡∏´‡∏≠‡∏° #‡πÄ‡πÄ‡∏ô‡∏∞‡∏ô‡πç‡∏≤‡πÄ‡∏•‡∏¢‡∏ô‡πâ‡πç‡∏≤‡∏´‡∏≠‡∏°‡∏Å‡∏•‡∏¥‡πà‡∏ô‡∏ô‡∏µ‡πâ‡∏ï‡∏¥‡∏î‡∏ó‡∏ô3‡∏ß‡∏±‡∏ô3‡∏Ñ‡∏∑‡∏ô #‡∏ô‡πâ‡πç‡∏≤‡∏´‡∏≠‡∏°‡πÅ‡∏ö‡πà‡∏á #‡πÅ‡∏ö‡πà‡∏á‡∏Ç‡∏≤‡∏¢‡∏ô‡πâ‡πç‡∏≤‡∏´‡∏≠‡∏°‡πÅ‡∏ö‡∏£‡∏ô‡∏î‡πå‡πÄ‡∏ô‡∏° #‡∏ô‡πâ‡πç‡∏≤‡∏´‡∏≠‡∏°‡πÅ‡∏ö‡πà‡∏á‡∏Ç‡∏≤‡∏¢ @Scentsory‡∏ô‡πâ‡∏≥‡∏´‡∏≠‡∏°‡πÅ‡∏ö‡πà‡∏á‡∏Ç‡∏≤‡∏¢ @Scentsory‡∏ô‡πâ‡∏≥‡∏´‡∏≠‡∏°‡πÅ‡∏ö‡πà‡∏á‡∏Ç‡∏≤‡∏¢ @Scentsory‡∏ô‡πâ‡∏≥‡∏´‡∏≠‡∏°‡πÅ‡∏ö‡πà‡∏á‡∏Ç‡∏≤‡∏¢ YSL libre leu nue 2025 ‡πÅ‡∏Å‡∏∞‡∏Å‡∏•‡πà‡∏≠‡∏á‡∏Å‡∏±‡∏ô‡πÉ‡∏´‡∏°‡πà‡πÜ‡∏Å‡πà‡∏≠‡∏ô‡πÉ‡∏Ñ‡∏£‡∏£ #‡∏£‡∏µ‡∏ß‡∏¥‡∏ß‡∏ö‡∏¥‡∏ß‡∏ï‡∏µ‡πâ #‡∏£‡∏µ‡∏ß‡∏¥‡∏ß‡∏ô‡πâ‡πç‡∏≤‡∏´‡∏≠‡∏° #‡∏ô‡πâ‡πç‡∏≤‡∏´‡∏≠‡∏°‡∏Å‡∏•‡∏¥‡πà‡∏ô‡∏™‡∏î‡∏ä‡∏∑‡πà‡∏ô #‡∏ô‡πâ‡πç‡∏≤‡∏´‡∏≠‡∏°‡∏ú‡∏π‡πâ‡∏´‡∏ç‡∏¥‡∏á #‡∏£‡∏µ‡∏ß‡∏¥‡∏ß‡∏ô‡πâ‡∏≥‡∏´‡∏≠‡∏° #‡∏£‡∏µ‡∏ß‡∏¥‡∏ß‡∏Ç‡∏≠‡∏á‡∏î‡∏µ‡∏ö‡∏≠‡∏Å‡∏ï‡πà‡∏≠ ‡∏Ç‡∏≠‡∏ß‡∏≠‡πÅ‡∏ß‡∏Å‡∏±‡∏ö Si passione intemse ‡∏ô‡πâ‡∏≥‡∏´‡∏≠‡∏°‡∏Å‡∏•‡∏¥‡πà‡∏ô‡πÉ‡∏´‡∏°‡πà‡∏õ‡∏µ 2024 ü´∂ #‡∏£‡∏µ‡∏ß‡∏¥‡∏ß‡∏ö‡∏¥‡∏ß‡∏ï‡∏µ‡πâ #‡∏£‡∏µ‡∏ß‡∏¥‡∏ß‡∏ö‡∏¥‡∏ß‡∏ï‡∏µ‡πâ‡πÉ‡∏ôtiktok #‡∏£‡∏µ‡∏ß‡∏¥‡∏ß‡∏ô‡πâ‡πç‡∏≤‡∏´‡∏≠‡∏° #‡∏£‡∏µ‡∏ß‡∏¥‡∏ß‡∏™‡∏Å‡∏¥‡∏ô‡πÅ‡∏Ñ‡∏£‡πå #‡∏ô‡πâ‡πç‡∏≤‡∏´‡∏≠‡∏° #‡∏ô‡πâ‡πç‡∏≤‡∏´‡∏≠‡∏°‡∏ú‡∏π‡πâ‡∏´‡∏ç‡∏¥‡∏á #perfumetiktok,th,4879,14100,197,0,58600,7201277359701345307,scentsory.co2,Scentsory‡∏ô‡πâ‡∏≥‡∏´‡∏≠‡∏°‡πÅ‡∏ö‡πà‡∏á‡∏Ç‡∏≤‡∏¢,‡∏ô‡πâ‡∏≥‡∏´‡∏≠‡∏°‡πÅ‡∏ó‡πâ‡πÅ‡∏ö‡πà‡∏á‡∏Ç‡∏≤‡∏¢ ‡∏Ç‡∏ß‡∏î‡πÉ‡∏´‡∏ç‡πà /‡∏ö‡πâ‡∏≤‡∏ô‡∏à‡πâ‡∏° ‡∏à‡∏¥‡πâ‡∏°‡∏•‡∏¥‡πâ‡∏á‡∏Ç‡πâ‡∏≤‡∏á‡∏•‡πà‡∏≤‡∏á (‡∏Å‡∏î‡∏Ñ‡πâ‡∏≤‡∏á),False,164,https://www.tiktok.com/@scentsory.co2
4,11992.75,768.25,325825.0,5000.5,68.0,110.25,‡∏£‡∏ß‡∏°‡∏™‡∏Å‡∏¥‡∏ô‡πÅ‡∏Ñ‡∏£‡πå‡∏ó‡∏µ‡πà‡πÅ‡∏û‡∏á ‡πÅ‡∏ï‡πà‡∏Ñ‡∏∏‡πâ‡∏°‡∏à‡πà‡∏≤‡∏¢ ‡∏ã‡∏∑‡πâ‡∏≠‡∏Ñ‡∏ß‡∏≤‡∏°‡∏™‡∏∏‡∏Ç‡πÉ‡∏´‡πâ‡∏ï‡∏±‡∏ß‡πÄ‡∏≠‡∏á #‡∏´‡∏ô‡∏π‡∏õ‡∏≠‡∏ô‡∏î‡πå‡∏ó‡∏µ‡πà‡∏ä‡∏≠‡∏ö‡πÄ‡∏•‡πÄ‡∏ã‡∏≠‡∏£‡πå #pondlovelaser #‡∏£‡∏µ‡∏ß‡∏¥‡∏ß‡∏ö‡∏¥‡∏ß‡∏ï‡∏µ‡πâ #‡∏™‡∏Å‡∏¥‡∏ô‡πÅ‡∏Ñ‡∏£‡πå #skincare ‡∏™‡∏Å‡∏¥‡∏ô‡πÅ‡∏Ñ‡∏£‡πå ‡∏ú‡∏¥‡∏ß‡πÅ‡∏û‡∏á #‡∏´‡∏ô‡∏π‡∏õ‡∏≠‡∏ô‡∏î‡πå‡∏ó‡∏µ‡πà‡∏ä‡∏≠‡∏ö‡πÄ‡∏•‡πÄ‡∏ã‡∏≠‡∏£‡πå #pondlovelaser #‡∏£‡∏µ‡∏ß‡∏¥‡∏ß‡∏ö‡∏¥‡∏ß‡∏ï‡∏µ‡πâ #‡∏™‡∏Å‡∏¥‡∏ô‡πÅ‡∏Ñ‡∏£‡πå #skincare #‡∏´‡∏ô‡πâ‡∏≤‡πÉ‡∏™ #‡∏Ñ‡∏£‡∏µ‡∏°‡πÅ‡∏û‡∏á ‡∏•‡∏≥‡∏î‡∏±‡∏ö‡∏Å‡∏≤‡∏£‡∏•‡∏á‡∏™‡∏Å‡∏¥‡∏ô‡πÅ‡∏Ñ‡∏£‡πå ‡∏ï‡∏≠‡∏ô‡πÄ‡∏ä‡πâ‡∏≤ ‡πÅ‡∏ö‡∏ö‡∏´‡∏°‡∏≠‡∏ú‡∏¥‡∏ß #‡∏´‡∏°‡∏≠‡∏´‡∏ô‡∏π‡∏õ‡∏≠‡∏ô‡∏î‡πå #‡∏™‡∏≤‡∏£‡∏∞‡∏Ñ‡∏ß‡∏≤‡∏°‡∏£‡∏π‡πâ #‡∏£‡∏µ‡∏ß‡∏¥‡∏ß‡∏ö‡∏¥‡∏ß‡∏ï‡∏µ‡πâ #‡∏™‡∏Å‡∏¥‡∏ô‡πÅ‡∏Ñ‡∏£‡πå #tiktokuni #skincareroutine Routine Skincycling ‡∏ú‡∏¥‡∏ß‡∏ï‡∏±‡∏ß‡∏•‡∏π‡∏Å‡∏Ñ‡∏∏‡∏ì‡∏´‡∏ô‡∏π #‡∏´‡∏ô‡∏π‡∏õ‡∏≠‡∏ô‡∏î‡πå‡∏ó‡∏µ‡πà‡∏ä‡∏≠‡∏ö‡πÄ‡∏•‡πÄ‡∏ã‡∏≠‡∏£‡πå #‡∏£‡∏µ‡∏ß‡∏¥‡∏ß‡∏ö‡∏¥‡∏ß‡∏ï‡∏µ‡πâ #‡∏™‡∏Å‡∏¥‡∏ô‡πÅ‡∏Ñ‡∏£‡πå #tiktokuni #skincareroutine,th,466,604300,71,0,16400000,6877550320013509633,pondlovelaser,‡∏´‡∏ô‡∏π‡∏õ‡∏≠‡∏ô‡∏î‡πå‡∏ó‡∏µ‡πà‡∏ä‡∏≠‡∏ö‡πÄ‡∏•‡πÄ‡∏ã‡πà‡∏≠‡∏£‡πå,‡∏õ‡∏£‡∏∂‡∏Å‡∏©‡∏≤: @drc123 ‡πÉ‡∏´‡πâ‡∏Ñ‡∏ß‡∏≤‡∏°‡∏£‡∏π‡πâ‡∏î‡∏π‡πÅ‡∏•‡∏ï‡∏±‡∏ß‡πÄ‡∏≠‡∏á‡∏≠‡∏¢‡πà‡∏≤‡∏á‡∏à‡∏£‡∏¥‡∏á‡πÉ‡∏à ‡πÅ‡∏ö‡∏ö‡πÄ‡∏û‡∏∑‡πà‡∏≠‡∏ô‡∏Ñ‡∏∏‡∏¢‡∏Å‡∏±‡∏ô,False,1597,https://www.tiktok.com/@pondlovelaser
1,40.0,5.0,3413.0,10.0,0.0,93.0,Ô∏è‡∏°‡∏≤‡∏•‡∏≠‡∏á‡∏ö‡∏≥‡∏£‡∏∏‡∏á‡∏ú‡∏¥‡∏ß‡∏î‡πâ‡∏ß‡∏¢‡∏™‡∏Å‡∏¥‡∏ô‡πÅ‡∏Ñ‡∏£‡πå‡∏´‡∏•‡∏±‡∏Å‡∏´‡∏°‡∏∑‡πà‡∏ô ‡∏£‡∏∞‡∏î‡∏±‡∏ö Luxury ‡∏à‡∏≤‡∏Å Switzerland ‡∏Å‡∏±‡∏ö‡πÅ‡∏ö‡∏£‡∏ô‡∏î‡πå Cellcosmet ‡πÉ‡∏´‡πâ‡∏î‡∏π‡∏Å‡∏±‡∏ô‡∏Ñ‡πà‡∏∞ #bffbkk #cellcosmet #‡∏Ñ‡∏∏‡∏ì‡πÅ‡∏°‡πà‡∏™‡∏≤‡∏¢‡∏ö‡∏¥‡∏ß‡∏ï‡∏µ‡πâ #‡∏£‡∏µ‡∏ß‡∏¥‡∏ß‡∏Ñ‡∏£‡∏µ‡∏°‡πÅ‡∏û‡∏á,th,3119,31800,505,0,1500000,6532084034439217153,mimilovesluxe,Mimi ‡∏°‡∏µ‡∏°‡∏µ‡πà #‡∏Ñ‡∏∏‡∏ì‡πÅ‡∏°‡πà‡∏™‡∏≤‡∏¢‡∏ö‡∏¥‡∏ß‡∏ï‡∏µ‡πâ,Beauty & Skincare & Mom FB | IG |Tiktok : @MimiLovesLuxe,False,1214,https://www.tiktok.com/@mimilovesluxe
1,13.0,0.0,790.0,1.0,5.0,92.0,‡∏£‡∏π‡πâ‡πÅ‡∏•‡πâ‡∏ß‡∏ß‡πà‡∏≤‡∏ó‡∏≥‡πÑ‡∏°‡∏î‡∏≤‡∏£‡∏≤‡∏ñ‡∏∂‡∏á‡πÉ‡∏ä‡πâ‡∏Ç‡∏≠‡∏á‡πÅ‡∏û‡∏á #TikTok‡∏õ‡πâ‡∏≤‡∏¢‡∏¢‡∏≤ #‡πÉ‡∏ä‡πâ‡∏î‡∏µ‡∏ö‡∏≠‡∏Å‡∏ï‡πà‡∏≠ #‡∏£‡∏µ‡∏ß‡∏¥‡∏ß‡∏™‡∏Å‡∏¥‡∏ô‡πÅ‡∏Ñ‡∏£‡πå #‡∏£‡∏µ‡∏ß‡∏¥‡∏ß‡∏ö‡∏¥‡∏ß‡∏ï‡∏µ‡πâ #‡∏£‡∏±‡∏Å‡∏©‡∏≤‡∏™‡∏¥‡∏ß ##‡∏£‡∏±‡∏Å‡∏©‡∏≤‡∏£‡∏≠‡∏¢‡∏™‡∏¥‡∏ß #‡∏£‡∏±‡∏Å‡∏©‡∏≤‡∏™‡∏¥‡∏ß‡∏î‡πâ‡∏ß‡∏¢‡∏ï‡∏±‡∏ß‡πÄ‡∏≠‡∏á,th,4341,2154,47,0,185600,7247794872710202373,maykanjana13,maykanjana13,‡πÉ‡∏ä‡πâ‡πÄ‡∏≠‡∏á ‡∏£‡∏µ‡∏ß‡∏¥‡∏ß‡∏ï‡∏≤‡∏°‡∏à‡∏£‡∏¥‡∏á‚ÄºÔ∏è ü´∂ ‡∏ï‡∏¥‡∏î‡∏ï‡πà‡∏≠‡∏á‡∏≤‡∏ô ID.Maykan_13 ü´∂,False,163,https://www.tiktok.com/@maykanjana13
1,18500.0,1093.0,10700000.0,4348.0,222.0,130.0,‡∏õ‡πâ‡∏≤‡∏¢‡∏¢‡∏≤‡πÄ‡∏ã‡∏£‡∏±‡πà‡∏°‡∏ó‡∏µ‡πà‡∏´‡∏°‡∏≠‡∏´‡∏ô‡πâ‡∏≤‡πÅ‡∏ô‡∏∞‡∏ô‡∏≥‡πÉ‡∏´‡πâ‡πÉ‡∏ä‡πâ! #‡∏£‡∏µ‡∏ß‡∏¥‡∏ß‡∏ö‡∏¥‡∏ß‡∏ï‡∏µ‡πâ #‡∏™‡∏Å‡∏¥‡∏ô‡πÅ‡∏Ñ‡∏£‡πå #‡πÄ‡∏ã‡∏£‡∏±‡πà‡∏°‡∏ß‡∏¥‡∏ï‡∏ã‡∏µ‡∏Ñ‡∏∏‡∏°‡∏°‡∏±‡∏ô #‡∏≠‡∏±‡∏û‡∏ú‡∏¥‡∏ß‡πÄ‡∏ô‡∏µ‡∏¢‡∏ô‡πÉ‡∏™‡πÑ‡∏Å‡∏•‡∏£‡∏¥‡πâ‡∏ß‡∏£‡∏≠‡∏¢ #LarocheposayTH,th,874,49200,108,0,1100000,6818579374787888130,best_olives,Best Olives,IG: best_olives Founder of @muse.onthemove,False,348,https://www.tiktok.com/@best_olives
1,5152.0,346.0,178800.0,954.0,60.0,46.0,‡πÅ‡∏•‡πâ‡∏ß‡πÅ‡∏ï‡πà‡∏Ñ‡∏ô‡∏ä‡∏≠‡∏ö‡∏î‡πâ‡∏ß‡∏¢‡∏™‡πà‡∏ß‡∏ô‡∏ï‡∏±‡∏ß‡∏ú‡∏°‡∏ß‡πà‡∏≤‡∏î‡∏µ‡∏™‡∏∏‡∏î‡πÜ‡∏ï‡∏¥‡∏î‡∏ö‡πâ‡∏≤‡∏ô‡πÑ‡∏ß‡πâ‡πÄ‡∏•‡∏¢‡∏¢#fyp #viral #‡∏£‡∏µ‡∏ß‡∏¥‡∏ß‡∏ö‡∏¥‡∏ß‡∏ï‡∏µ‡πâ ##‡∏£‡∏µ‡∏ß‡∏¥‡∏ß‡∏™‡∏Å‡∏¥‡∏ô‡πÅ‡∏Ñ‡∏£‡πå#‡∏™‡∏Å‡∏¥‡∏ô‡πÅ‡∏Ñ‡∏£‡πå #‡∏£‡∏µ‡∏ß‡∏¥‡∏ß‡∏Ç‡∏≠‡∏á‡∏î‡∏µ‡∏ö‡∏≠‡∏Å‡∏ï‡πà‡∏≠,th,171500,57200,222,0,8900000,7277923164989899781,rednessguy,Rednessfaceguy,@‡πÄ‡∏£‡∏î‡πÄ‡∏ô‡∏™‡∏Å‡∏≤‡∏¢2 ‡∏ä‡πà‡∏≠‡∏á‡∏ï‡∏∞‡∏Å‡∏£‡πâ‡∏≤‡∏™‡∏¥‡∏ô‡∏Ñ‡πâ‡∏≤+‡∏£‡∏µ‡∏ß‡∏¥‡∏ß‡πÅ‡∏ö‡∏ö‡πÑ‡∏°‡πà‡∏≠‡∏ß‡∏¢‡∏Ñ‡∏£‡∏±‡∏ö Line For Work : andy.fat Skincare & Other,False,932,https://www.tiktok.com/@rednessguy
1,3470.0,396.0,119200.0,1044.0,83.0,58.0,‡∏õ‡πâ‡∏≤‡∏¢‡∏¢‡∏≤‡πÄ‡∏ã‡∏£‡∏±‡πà‡∏°‡∏™‡∏Å‡∏±‡∏î‡∏à‡∏≤‡∏ÅDNA ‡πÅ‡∏ã‡∏•‡∏°‡∏≠‡∏ô ‡∏ú‡∏¥‡∏ß‡πÇ‡∏Å‡∏•‡πå‡∏ß‡∏Ç‡∏≤‡∏ß‡πÉ‡∏™Ô∏è #medicube #pdrnserum #pinkserum #‡πÄ‡∏ã‡∏£‡∏±‡πà‡∏°Medicube #‡∏£‡∏µ‡∏ß‡∏¥‡∏ß‡∏™‡∏Å‡∏¥‡∏ô‡πÅ‡∏Ñ‡∏£‡πå #‡πÉ‡∏ä‡πâ‡∏î‡∏µ‡∏ö‡∏≠‡∏Å‡∏ï‡πà‡∏≠‡∏Ñ‡πà‡∏∞ #‡∏™‡∏Å‡∏¥‡∏ô‡πÅ‡∏Ñ‡∏£‡πå #‡∏£‡∏µ‡∏ß‡∏¥‡∏ß‡∏ö‡∏¥‡∏ß‡∏ï‡∏µ‡πâ #‡∏Ç‡∏≠‡∏á‡∏î‡∏µ‡∏ö‡∏≠‡∏Å‡∏ï‡πà‡∏≠ #‡∏™‡∏Å‡∏¥‡∏ô‡πÅ‡∏Ñ‡∏£‡πå3‡∏ô‡∏≤‡∏ó‡∏µ #‡∏£‡∏µ‡∏ß‡∏¥‡∏ß‡∏Ñ‡∏£‡∏µ‡∏°‡πÅ‡∏û‡∏á #‡∏•‡∏î‡∏£‡∏¥‡πâ‡∏ß‡∏£‡∏≠‡∏¢ #‡∏£‡∏¥‡πâ‡∏ß‡∏£‡∏≠‡∏¢ #‡∏Ñ‡∏£‡∏µ‡∏°‡∏Å‡∏π‡πâ‡∏´‡∏ô‡πâ‡∏≤‡∏û‡∏±‡∏á #‡∏ú‡∏¥‡∏ß‡∏â‡πà‡πç‡∏≤‡∏ß‡∏≤‡∏ß #‡∏ú‡∏¥‡∏ß‡∏Å‡∏£‡∏∞‡∏à‡∏Å #‡∏ú‡∏¥‡∏ß‡∏â‡πà‡πç‡∏≤‡∏ô‡πâ‡πç‡∏≤ #‡∏ú‡∏¥‡∏ß‡∏Å‡∏£‡∏∞‡∏à‡∏Å‡πÅ‡∏ö‡∏ö‡πÄ‡∏Å‡∏≤‡∏´‡∏•‡∏µ #‡∏´‡∏ô‡πâ‡∏≤‡πÅ‡∏Å‡πà #‡∏ú‡∏¥‡∏ß‡πÅ‡∏û‡πâ‡∏á‡πà‡∏≤‡∏¢ #‡∏ú‡∏¥‡∏ß‡πÅ‡∏û‡πâ‡∏á‡πà‡∏≤‡∏¢‡πÉ‡∏ä‡πâ‡πÑ‡∏î‡πâ #wawamaripha #fyp #fyp„Ç∑ #fyp„Ç∑„Çöviral #longervideos #CapCut,th,6030,91600,537,0,2400000,6554010548898758657,wawamaripha,Wawa Maripha,‡∏Ñ‡∏ô‡∏ï‡∏•‡∏Å‡∏ó‡∏µ‡πà‡∏ä‡∏≠‡∏ö‡∏ó‡∏≤‡∏Ñ‡∏£‡∏µ‡∏°‡∏ô‡∏¥‡∏î‡∏´‡∏ô‡πà‡∏≠‡∏¢ Based in Korea :maripha.forwork@gmail.com,False,895,https://www.tiktok.com/@wawamaripha
1,148.0,45.0,24300.0,35.0,52.0,44.0,‡∏≠‡∏∏‡∏õ‡∏Å‡∏£‡∏ì‡πå‡∏Å‡∏≤‡∏£‡πÅ‡∏û‡∏ó‡∏¢‡πå ‡∏™‡∏¥‡∏ô‡∏Ñ‡πâ‡∏≤‡∏Ñ‡∏∏‡∏ì‡∏†‡∏≤‡∏û ‡∏£‡∏≤‡∏Ñ‡∏≤‡∏™‡πà‡∏á ‡∏ó‡∏µ‡πà‡∏ô‡∏µ‡πà‡πÄ‡∏•‡∏¢! #‡πÄ‡∏Ñ‡∏µ‡∏¢‡∏°‡∏Æ‡∏±‡πâ‡∏ß‡πÄ‡∏†‡∏™‡∏±‡∏ä2004 #‡∏®‡∏¥‡∏£‡∏¥‡∏£‡∏≤‡∏ä #‡∏£‡πâ‡∏≤‡∏ô‡∏î‡∏µ‡∏ö‡∏≠‡∏Å‡∏ï‡πà‡∏≠ #‡∏≠‡∏∏‡∏õ‡∏Å‡∏£‡∏ì‡πå‡∏Å‡∏≤‡∏£‡πÅ‡∏û‡∏ó‡∏¢‡πå #‡∏£‡∏ñ‡πÄ‡∏Ç‡πá‡∏ô‡∏ú‡∏π‡πâ‡∏õ‡πà‡∏ß‡∏¢ #‡πÄ‡∏ï‡∏µ‡∏¢‡∏á‡∏ú‡∏π‡πâ‡∏õ‡πà‡∏ß‡∏¢ #‡πÄ‡∏Ñ‡∏£‡∏∑‡πà‡∏≠‡∏á‡∏ß‡∏±‡∏î‡∏Ñ‡∏ß‡∏≤‡∏°‡∏î‡∏±‡∏ô #‡πÄ‡∏Ñ‡∏£‡∏∑‡πà‡∏≠‡∏á‡∏ß‡∏±‡∏î‡∏≠‡∏≠‡∏Å‡∏ã‡∏¥‡πÄ‡∏à‡∏ô‡∏õ‡∏•‡∏≤‡∏¢‡∏ô‡∏¥‡πâ‡∏ß #‡πÄ‡∏†‡∏™‡∏±‡∏ä‡∏Å‡∏£,th,455,6784,20,0,29800,7218119449789940737,vitaminkhb2004,vitaminkhb2004,FB : ‡∏£‡πâ‡∏≤‡∏ô‡∏¢‡∏≤‡πÄ‡∏Ñ‡∏µ‡∏¢‡∏°‡∏Æ‡∏±‡πâ‡∏ß‡πÄ‡∏†‡∏™‡∏±‡∏ä2004 ‡∏®‡∏¥‡∏£‡∏¥‡∏£‡∏≤‡∏ä Line : @khb2004 Ô∏è 0830960894,False,372,https://www.tiktok.com/@vitaminkhb2004
1,15800.0,2240.0,504100.0,2811.0,346.0,138.0,7 ‡∏™‡∏¥‡πà‡∏á‡∏ó‡∏µ‡πà‡∏Ñ‡∏ß‡∏£‡∏ó‡∏≥‡πÉ‡∏ô‡∏ï‡∏≠‡∏ô‡πÄ‡∏ä‡πâ‡∏≤ ‡πÄ‡∏û‡∏∑‡πà‡∏≠‡∏™‡∏∏‡∏Ç‡∏†‡∏≤‡∏û‡∏ó‡∏µ‡πà‡∏î‡∏µ‡∏ï‡∏•‡∏≠‡∏î‡∏ä‡∏µ‡∏ß‡∏¥‡∏ï #‡∏ù‡πâ‡∏≤‡∏¢‡∏≠‡∏¢‡∏≤‡∏Å‡πÄ‡∏°‡πâ‡∏≤‡∏ó‡πå #tiktokuni #‡∏™‡∏∏‡∏Ç‡∏†‡∏≤‡∏û‡∏î‡∏µ #‡∏Ñ‡∏•‡∏¥‡∏õ‡∏¢‡∏≤‡∏ß‡∏Å‡∏ß‡πà‡∏≤60‡∏ß‡∏¥‡∏ô‡∏≤‡∏ó‡∏µ,th,3735,40700,14,0,502800,7256761057368278022,faiiyakmouth,‡∏ù‡πâ‡∏≤‡∏¢‡∏≠‡∏¢‡∏≤‡∏Å‡πÄ‡∏°‡πâ‡∏≤‡∏ó‡πå,Ô∏è ‡πÄ‡∏°‡πâ‡∏≤‡∏ó‡πå‡∏°‡∏≠‡∏¢‡πÄ‡∏£‡∏∑‡πà‡∏≠‡∏á‡∏™‡∏∏‡∏Ç‡∏†‡∏≤‡∏û‡πÅ‡∏•‡∏∞‡∏Ñ‡∏ß‡∏≤‡∏°‡∏á‡∏≤‡∏° ‡∏ï‡∏¥‡∏î‡∏ï‡πà‡∏≠‡∏ù‡πâ‡∏≤‡∏¢‡∏ú‡πà‡∏≤‡∏ô IG ‡∏Ñ‡πà‡∏∞,False,150,https://www.tiktok.com/@faiiyakmouth
1,86100.0,40400.0,1500000.0,18900.0,1089.0,123.0,‡∏Å‡∏é 6 ‡∏Ç‡πâ‡∏≠ ‡∏î‡∏π‡πÅ‡∏•‡∏™‡∏∏‡∏Ç‡∏†‡∏≤‡∏û ‡∏â‡∏ö‡∏±‡∏ö‡∏´‡∏°‡∏≠‡πÅ‡∏≠‡∏°‡∏õ‡πå #BDMSWellnessClinic #‡∏™‡∏∏‡∏Ç‡∏†‡∏≤‡∏û‡∏ó‡∏µ‡πà‡∏î‡∏µ‡πÄ‡∏£‡∏¥‡πà‡∏°‡∏ó‡∏µ‡πà‡∏Å‡∏≤‡∏£‡∏õ‡πâ‡∏≠‡∏á‡∏Å‡∏±‡∏ô #PreventiveMedicine #LifestyleMedicine #ScientificWellness #LiveLongerHealthierHappier #WellnessHubThailand,th,483,632100,7,0,5900000,7063004675725460507,thesecretsauceth,THE SECRET SAUCE,Ô∏è ‡∏ã‡∏∑‡πâ‡∏≠‡∏ö‡∏±‡∏ï‡∏£ The Secret Sauce Summit 2025,False,1031,https://www.tiktok.com/@thesecretsauceth
1,41100.0,14900.0,2200000.0,3798.0,726.0,183.0,‡∏´‡∏•‡∏±‡∏á‡∏ï‡∏∑‡πà‡∏ô‡∏ô‡∏≠‡∏ô‡∏´‡πâ‡∏≤‡∏°‡∏ó‡∏≥ 3 ‡∏™‡∏¥‡πà‡∏á‡∏ô‡∏µ‡πâ‡∏ó‡∏±‡∏ô‡∏ó‡∏µ ‡∏≠‡∏±‡∏ô‡∏ï‡∏£‡∏≤‡∏¢‡∏Å‡∏ß‡πà‡∏≤‡∏ó‡∏µ‡πà‡∏Ñ‡∏¥‡∏î #‡∏î‡∏π‡πÅ‡∏•‡∏™‡∏∏‡∏Ç‡∏†‡∏≤‡∏û #‡∏™‡∏∏‡∏Ç‡∏†‡∏≤‡∏û‡∏î‡∏µ #‡∏Ñ‡∏ß‡∏≤‡∏°‡∏£‡∏π‡πâ‡∏î‡∏µ‡∏î‡∏µ #‡∏Ñ‡∏ß‡∏≤‡∏°‡∏£‡∏π‡πâ #‡∏™‡∏∏‡∏Ç‡∏†‡∏≤‡∏û‡∏î‡∏µ‡∏™‡∏£‡πâ‡∏≤‡∏á‡πÑ‡∏î‡πâ #‡πÅ‡∏ö‡πà‡∏á‡∏õ‡∏±‡∏ô‡∏Ñ‡∏ß‡∏≤‡∏°‡∏£‡∏π‡πâ #‡∏™‡∏∏‡∏Ç‡∏†‡∏≤‡∏û‡∏î‡∏µ‡πÄ‡∏£‡∏¥‡πà‡∏°‡∏ó‡∏µ‡πà‡∏ï‡∏±‡∏ß‡πÄ‡∏£‡∏≤ #‡∏î‡∏π‡πÅ‡∏•‡∏£‡πà‡∏≤‡∏á‡∏Å‡∏≤‡∏¢ #‡πÅ‡∏ä‡∏£‡πå‡∏Ñ‡∏ß‡∏≤‡∏°‡∏£‡∏π‡πâ #‡∏Ñ‡∏ß‡∏≤‡∏°‡∏£‡∏π‡πâ‡∏î‡∏µ‡πÜ #‡πÉ‡∏™‡πà‡πÉ‡∏à‡∏™‡∏∏‡∏Ç‡∏†‡∏≤‡∏û #‡∏Ñ‡∏ß‡∏≤‡∏°‡∏£‡∏π‡πâ‡∏£‡∏≠‡∏ö‡∏ï‡∏±‡∏ß,th,167,98600,0,0,1700000,7352024674035303430,blackgarlic_benega,‡∏Å‡∏£‡∏∞‡πÄ‡∏ó‡∏µ‡∏¢‡∏°‡∏î‡∏≥ ‡πÄ‡∏ö‡πÄ‡∏ô‡∏Å‡πâ‡∏≤,‡∏Å‡∏£‡∏∞‡πÄ‡∏ó‡∏µ‡∏¢‡∏°‡∏î‡∏≥‡πÄ‡∏ö‡πÄ‡∏ô‡∏Å‡πâ‡∏≤ (‡∏õ‡∏±‡∏ç‡∏ç‡∏≤‡∏ï‡∏•‡∏≤‡∏î‡πÅ‡∏ï‡∏Å) ‡∏°‡∏µ ‡∏≠‡∏¢. ‡∏Æ‡∏≤‡∏•‡∏≤‡∏• ‡∏ñ‡∏π‡∏Å‡∏ï‡πâ‡∏≠‡∏á‡∏ï‡∏≤‡∏°‡∏Å‡∏é‡∏´‡∏°‡∏≤‡∏¢ ‡∏õ‡∏•‡∏≠‡∏î‡∏†‡∏±‡∏¢ 100%,False,548,https://www.tiktok.com/@blackgarlic_benega
1,3536.0,1210.0,113700.0,290.0,250.0,81.0,‡πÄ‡∏î‡∏¥‡∏ô‡πÄ‡∏û‡∏µ‡∏¢‡∏á‡∏ß‡∏±‡∏ô‡∏•‡∏∞ 10 ‡∏ô‡∏≤‡∏ó‡∏µ ‡∏ä‡∏µ‡∏ß‡∏¥‡∏ï‡πÄ‡∏õ‡∏•‡∏µ‡πà‡∏¢‡∏ô ‡πÅ‡∏Ñ‡πà‡∏•‡∏∏‡∏Å‡∏Ç‡∏∂‡πâ‡∏ô‡∏°‡∏≤‡πÄ‡∏î‡∏¥‡∏ô‡∏Ñ‡∏£‡∏±‡∏ö‡∏ä‡∏µ‡∏ß‡∏¥‡∏ï‡∏Ñ‡∏∏‡∏ì‡∏Å‡πá‡∏à‡∏∞‡∏™‡∏î‡πÉ‡∏™‡∏Ç‡∏∂‡πâ‡∏ô‡∏£‡∏∞‡∏ö‡∏ö‡∏Å‡∏≤‡∏£‡∏ó‡∏≥‡∏á‡∏≤‡∏ô‡∏Ç‡∏≠‡∏á‡∏≠‡∏ß‡∏±‡∏¢‡∏ß‡∏∞‡∏†‡∏≤‡∏¢‡πÉ‡∏ô‡∏à‡∏∞‡πÄ‡∏£‡∏¥‡πà‡∏°‡πÅ‡∏Ç‡πá‡∏á‡πÅ‡∏£‡∏á #‡∏™‡∏∏‡∏Ç#‡∏™‡∏∏‡∏Ç‡∏†‡∏≤‡∏û‡∏î‡∏µ‡∏´#‡∏≠‡∏≤‡∏´‡∏≤‡∏£‡∏™‡∏°‡∏≠‡∏á‡∏∞#‡∏õ‡∏£‡∏∞‡∏Å‡∏±‡∏ô‡∏Å#‡∏£‡∏±‡∏Å‡∏™‡∏∏‡∏Ç‡∏†‡∏≤‡∏û‡∏¢#‡∏™‡∏≤‡∏¢‡∏™‡∏∏‡∏Ç‡∏†‡∏≤‡∏û,th,116,1217,45,0,12600,7480826195958826002,.aia592,‡πÇ‡∏ï‡∏™ ‡∏à‡∏¥‡∏£‡∏†‡∏±‡∏ó‡∏£ ‡∏õ‡∏£‡∏∞‡∏Å‡∏±‡∏ôAIA,Id line : hangdsi,False,270,https://www.tiktok.com/@.aia592
1,1071.0,258.0,16200.0,115.0,61.0,39.0,‡∏™‡∏∏‡∏Ç‡∏†‡∏≤‡∏û‡∏î‡∏µ‡∏ó‡∏±‡πâ‡∏á‡∏ó‡∏µ‡πà‡πÑ‡∏°‡πà‡∏£‡∏π‡πâ‡πÄ‡∏£‡∏∑‡πà‡∏≠‡∏á‡∏™‡∏∏‡∏Ç‡∏†‡∏≤‡∏û ‡πÄ‡∏û‡∏£‡∏≤‡∏∞‡∏ó‡∏≥‡∏™‡∏¥‡πà‡∏á‡∏ô‡∏µ‡πâ ü©µ ##‡∏£‡∏±‡∏Å‡∏™‡∏∏‡∏Ç‡∏†‡∏≤‡∏û##selfhealingby‡∏´‡∏°‡∏≠‡πÄ‡∏ü‡∏¥‡∏£‡πå‡∏ô,th,2180,87600,33,0,1200000,6837062109210117126,selfhealingbyfern,Self-Healing by ‡∏´‡∏°‡∏≠‡πÄ‡∏ü‡∏¥‡∏£‡πå‡∏ô,‡∏´‡∏°‡∏≠‡πÄ‡∏ü‡∏¥‡∏£‡πå‡∏ô | ‡πÅ‡∏û‡∏ó‡∏¢‡πå‡πÅ‡∏ú‡∏ô‡πÑ‡∏ó‡∏¢‡∏õ‡∏£‡∏∞‡∏¢‡∏∏‡∏Å‡∏ï‡πå ‡∏™‡∏∏‡∏Ç‡∏†‡∏≤‡∏û‡∏î‡∏µ ‡∏´‡∏ô‡πâ‡∏≤‡πÄ‡∏î‡πá‡∏Å ‡πÑ‡∏°‡πà‡πÉ‡∏ä‡πâ‡∏¢‡∏≤ ‡∏ï‡∏¥‡∏î‡∏ï‡πà‡∏≠‡∏á‡∏≤‡∏ô K.‡πÉ‡∏ö‡πÑ‡∏ú‡πà,False,774,https://www.tiktok.com/@selfhealingbyfern
1,526.0,40.0,12900.0,58.0,11.0,109.0,‡πÉ‡∏ä‡πâ‡∏ô‡πâ‡∏≥‡∏°‡∏±‡∏ô‡∏°‡∏∞‡∏Å‡∏≠‡∏Å‡∏ú‡∏¥‡∏î ‡∏ä‡∏µ‡∏ß‡∏¥‡∏ï‡πÄ‡∏õ‡∏•‡∏µ‡πà‡∏¢‡∏ô #‡∏ô‡πâ‡∏≥‡∏°‡∏±‡∏ô‡∏°‡∏∞‡∏Å‡∏≠‡∏Å #oliveoil #tiktok‡∏™‡∏∏‡∏Ç‡∏†‡∏≤‡∏û #‡∏™‡∏∏‡∏Ç‡∏†‡∏≤‡∏û‡∏î‡∏µ #‡∏î‡∏π‡πÅ‡∏•‡∏ï‡∏±‡∏ß‡πÄ‡∏≠‡∏á #tiktok‡∏™‡∏≤‡∏¢‡∏™‡∏∏‡∏Ç‡∏†‡∏≤‡∏û,th,9185,152000,1039,0,2300000,6893690749331719169,zebaastian,‡∏ö‡∏≤‡∏™‡∏ó‡∏≠‡πÄ‡∏£‡πá‡∏ï‡πÇ‡∏ï‡πâ [100K],‡πÇ‡∏õ‡∏£‡∏ï‡∏µ‡∏ô‡πÅ‡∏•‡∏∞‡∏≠‡∏≤‡∏´‡∏≤‡∏£‡πÄ‡∏™‡∏£‡∏¥‡∏° ‡∏£‡∏±‡∏ö‡∏£‡∏µ‡∏ß‡∏¥‡∏ß‡∏™‡∏¥‡∏ô‡∏Ñ‡πâ‡∏≤,False,1370,https://www.tiktok.com/@zebaastian
1,15100.0,5734.0,220400.0,2156.0,98.0,30.0,‡∏ó‡∏≥‡∏™‡∏¥‡πà‡∏á‡∏ô‡∏µ‡πâ‡∏ó‡∏∏‡∏Å‡∏ß‡∏±‡∏ô‡πÄ‡∏û‡∏∑‡πà‡∏≠‡∏™‡∏∏‡∏Ç‡∏†‡∏≤‡∏û‡∏Ç‡∏≠‡∏á‡∏Ñ‡∏∏‡∏ì #‡πÅ‡∏ô‡∏∞‡∏ô‡πç‡∏≤ #‡∏£‡πà‡∏≤‡∏á‡∏Å‡∏≤‡∏¢ #‡∏≠‡∏ß‡∏±‡∏¢‡∏ß‡∏∞ #‡∏™‡∏∏‡∏Ç‡∏†‡∏≤‡∏û #‡∏≠‡πÇ‡∏£‡∏Ñ‡∏¢‡∏≤,th,29,52800,0,0,539200,7562992846899889159,arogya_paramalabha,‡∏≠‡πÇ‡∏£‡∏Ñ‡∏¢‡∏≤,,False,63,https://www.tiktok.com/@arogya_paramalabha
1,249.0,51.0,3653.0,24.0,22.0,105.0,‡∏™‡∏£‡πâ‡∏≤‡∏á‡∏™‡∏∏‡∏Ç‡∏†‡∏≤‡∏û‡∏î‡∏µ‡πÑ‡∏î‡πâ‡∏î‡πâ‡∏ß‡∏¢‡∏´‡∏•‡∏±‡∏Å‡πÄ‡∏ß‡∏ä‡∏®‡∏≤‡∏™‡∏ï‡∏£‡πå‡∏ß‡∏¥‡∏ñ‡∏µ‡∏ä‡∏µ‡∏ß‡∏¥‡∏ï ‡∏ó‡∏≥‡πÄ‡∏û‡∏µ‡∏¢‡∏á‡πÅ‡∏Ñ‡πà 6 ‡∏ß‡∏¥‡∏ò‡∏µ‡∏Å‡∏≤‡∏£ ‡∏Å‡πá‡∏°‡∏µ‡∏™‡∏∏‡∏Ç‡∏†‡∏≤‡∏û‡πÅ‡∏Ç‡πá‡∏á‡πÅ‡∏£‡∏á ‡∏´‡πà‡∏≤‡∏á‡πÑ‡∏Å‡∏•‡πÇ‡∏£‡∏Ñ‡πÄ‡∏£‡∏∑‡πâ‡∏≠‡∏£‡∏±‡∏á NCDs #lifestylemedicine #feelgreat #‡∏î‡∏∑‡πâ‡∏≠‡∏≠‡∏¥‡∏ô‡∏ã‡∏π‡∏•‡∏¥‡∏ô #‡∏≠‡∏™‡∏° #‡πÄ‡∏ß‡∏ä‡∏®‡∏≤‡∏™‡∏ï‡∏£‡πå‡∏ß‡∏¥‡∏ñ‡∏µ‡∏ä‡∏µ‡∏ß‡∏¥‡∏ï,th,208,1370,482,0,7671,7523146978785215489,ter.health,‡πÄ‡∏ï‡∏≠‡∏£‡πå ‡πÄ‡∏ó‡∏¢‡∏™‡∏≤‡∏¢‡πÄ‡∏Æ‡∏•‡∏ò‡πå,Ô∏è ‡∏≠‡∏™‡∏°.‡πÄ‡∏≠‡∏Å‡∏ä‡∏ô Health Coach Ô∏è ‡πÄ‡∏•‡πà‡∏≤‡∏™‡∏∏‡∏Ç‡∏†‡∏≤‡∏û‡∏á‡πà‡∏≤‡∏¢‡πÜ ‡∏ä‡πà‡∏ß‡∏¢‡∏•‡∏î‡∏û‡∏∏‡∏á ‡∏ô‡πâ‡∏≥‡∏ï‡∏≤‡∏•‡πÑ‡∏Ç‡∏°‡∏±‡∏ô ‡∏™‡∏π‡πâ NCDs üü¢üü° ‡πÑ‡∏°‡πà‡πÉ‡∏ä‡πà‡∏¢‡∏≤ ‡∏î‡∏π‡πÅ‡∏•‡∏î‡πâ‡∏ß‡∏¢‡∏ò‡∏£‡∏£‡∏°‡∏ä‡∏≤‡∏ï‡∏¥ ‡πÄ‡∏ó‡∏Ñ‡∏ô‡∏¥‡∏Ñ‡∏™‡∏∏‡∏Ç‡∏†‡∏≤‡∏û‡∏î‡∏µ,False,50,https://www.tiktok.com/@ter.health
2,329.0,76.5,5396.5,35.5,4.5,171.5,‡∏£‡πà‡∏≤‡∏á‡∏Å‡∏≤‡∏¢‡∏î‡∏µ‡πÅ‡∏Ñ‡πà‡πÑ‡∏´‡∏ô ‡∏Å‡πá‡πÑ‡∏õ‡πÑ‡∏°‡πà‡πÑ‡∏Å‡∏• ‡∏ñ‡πâ‡∏≤‡πÉ‡∏à‡∏¢‡∏±‡∏á‡πÄ‡∏´‡∏ô‡∏∑‡πà‡∏≠‡∏¢‡∏•‡πâ‡∏≤ ‡∏î‡∏π‡πÅ‡∏•‡∏™‡∏∏‡∏Ç‡∏†‡∏≤‡∏û‡πÉ‡∏à‡πÄ‡∏´‡∏°‡∏∑‡∏≠‡∏ô‡∏ó‡∏µ‡πà‡∏Ñ‡∏∏‡∏ì‡∏î‡∏π‡πÅ‡∏•‡∏£‡πà‡∏≤‡∏á‡∏Å‡∏≤‡∏¢‡∏ô‡∏∞ #‡πÄ‡∏£‡∏¥‡πà‡∏°‡∏î‡∏π‡πÅ‡∏•‡∏ï‡∏±‡∏ß‡πÄ‡∏≠‡∏á‡∏ß‡∏±‡∏ô‡∏ô‡∏µ‡πâ #LifeDWellness #‡πÄ‡∏Ñ‡∏•‡πá‡∏î‡∏•‡∏±‡∏ö‡∏™‡∏∏‡∏Ç‡∏†‡∏≤‡∏û #‡∏≠‡∏≤‡∏´‡∏≤‡∏£‡πÄ‡∏™‡∏£‡∏¥‡∏°‡πÄ‡∏û‡∏∑‡πà‡∏≠‡∏™‡∏∏‡∏Ç‡∏†‡∏≤‡∏û #‡πÇ‡∏õ‡∏£‡∏ï‡∏µ‡∏ô‡∏ò‡∏£‡∏£‡∏°‡∏ä‡∏≤‡∏ï‡∏¥‡πÄ‡∏û‡∏∑‡πà‡∏≠‡∏™‡∏∏‡∏Ç‡∏†‡∏≤‡∏û #‡∏™‡∏∏‡∏Ç‡∏†‡∏≤‡∏û‡∏î‡∏µ‡∏á‡πà‡∏≤‡∏¢‡πÜ‡∏ó‡∏≥‡πÑ‡∏î‡πâ‡∏ó‡∏∏‡∏Å‡∏ß‡∏±‡∏ô ‡πÄ‡∏û‡∏£‡∏≤‡∏∞‡∏°‡∏∑‡πâ‡∏≠‡πÄ‡∏¢‡πá‡∏ô...‡∏Ñ‡∏∑‡∏≠‡∏°‡∏∑‡πâ‡∏≠‡∏ó‡∏µ‡πà‡∏Å‡∏¥‡∏ô‡∏ï‡∏≤‡∏°‡∏≠‡∏≤‡∏£‡∏°‡∏ì‡πå‡∏°‡∏≤‡∏Å‡∏ó‡∏µ‡πà‡∏™‡∏∏‡∏î ‡πÑ‡∏°‡πà‡πÑ‡∏î‡πâ‡∏´‡∏¥‡∏ß ‡πÅ‡∏ï‡πà‡πÄ‡∏Ñ‡∏£‡∏µ‡∏¢‡∏î ‡πÄ‡∏´‡∏á‡∏≤ ‡πÄ‡∏û‡∏•‡∏µ‡∏¢ ‡πÅ‡∏•‡πâ‡∏ß‡πÄ‡∏ú‡∏•‡∏≠‡∏Å‡∏¥‡∏ô‡πÄ‡∏Å‡∏¥‡∏ô #LifeDWellness #‡∏™‡∏∏‡∏Ç‡∏†‡∏≤‡∏û‡∏î‡∏µ‡∏á‡πà‡∏≤‡∏¢‡πÜ‡∏ó‡∏≥‡πÑ‡∏î‡πâ‡∏ó‡∏∏‡∏Å‡∏ß‡∏±‡∏ô #‡πÄ‡∏Ñ‡∏•‡πá‡∏î‡∏•‡∏±‡∏ö‡∏™‡∏∏‡∏Ç‡∏†‡∏≤‡∏û #‡∏≠‡∏≤‡∏´‡∏≤‡∏£‡πÄ‡∏™‡∏£‡∏¥‡∏°‡πÄ‡∏û‡∏∑‡πà‡∏≠‡∏™‡∏∏‡∏Ç‡∏†‡∏≤‡∏û #‡πÇ‡∏õ‡∏£‡∏ï‡∏µ‡∏ô‡∏ò‡∏£‡∏£‡∏°‡∏ä‡∏≤‡∏ï‡∏¥‡πÄ‡∏û‡∏∑‡πà‡∏≠‡∏™‡∏∏‡∏Ç‡∏†‡∏≤‡∏û #‡πÄ‡∏£‡∏¥‡πà‡∏°‡∏î‡∏π‡πÅ‡∏•‡∏ï‡∏±‡∏ß‡πÄ‡∏≠‡∏á‡∏ß‡∏±‡∏ô‡∏ô‡∏µ‡πâ,th,78,33500,1,0,245900,7480751932589163538,lifedwellness,Life D wellness,‡∏™‡∏∏‡∏Ç‡∏†‡∏≤‡∏û‡∏î‡∏µ‡∏á‡πà‡∏≤‡∏¢‡πÜ ‡∏ó‡∏≥‡πÑ‡∏î‡πâ‡∏ó‡∏∏‡∏Å‡∏ß‡∏±‡∏ô ‡πÄ‡∏Ñ‡∏•‡πá‡∏î‡∏•‡∏±‡∏ö ‡∏Ñ‡∏ß‡∏≤‡∏°‡∏£‡∏π‡πâ + ‡∏ï‡∏±‡∏ß‡∏ä‡πà‡∏ß‡∏¢‡∏î‡∏µ‡πÜ ‡πÄ‡∏°‡∏∑‡πà‡∏≠‡∏à‡∏≥‡πÄ‡∏õ‡πá‡∏ô,False,346,https://www.tiktok.com/@lifedwellness
1,3630.0,1078.0,147800.0,320.0,100.0,82.0,‡πÄ‡∏°‡∏∑‡πà‡∏≠‡∏≠‡∏≤‡∏¢‡∏∏ 50 ‡∏õ‡∏µ‡∏Ç‡∏∂‡πâ‡∏ô‡πÑ‡∏õ ‡∏≠‡∏¢‡πà‡∏≤‡∏ã‡∏∑‡πâ‡∏≠ 4 ‡∏™‡∏¥‡πà‡∏á‡∏ô‡∏µ‡πâ ‡∏Ñ‡∏ß‡∏£‡πÄ‡∏≠‡∏≤‡πÑ‡∏ß‡πâ‡∏î‡∏π‡πÅ‡∏•‡∏™‡∏∏‡∏Ç‡∏†‡∏≤‡∏û‡∏î‡∏µ‡∏Å‡∏ß‡πà‡∏≤ #‡∏Ç‡πâ‡∏≠‡∏Ñ‡∏¥‡∏î‡∏™‡∏≠‡∏ô‡πÉ‡∏à #‡∏Ç‡πâ‡∏≠‡∏Ñ‡∏¥‡∏î‡πÄ‡∏ï‡∏∑‡∏≠‡∏ô‡πÉ‡∏à #‡∏Ç‡πâ‡∏≠‡∏Ñ‡∏¥‡∏î‡∏î‡∏µ‡∏î‡∏µ #‡∏Ç‡πâ‡∏≠‡∏Ñ‡∏¥‡∏î‡∏ò‡∏£‡∏£‡∏°‡∏∞,th,2,13500,1,0,187000,7310462676399326226,storyboon99,‡∏™‡∏ï‡∏≠‡∏£‡∏µ‡πà‡∏ö‡∏∏‡∏ç,‡πÑ‡∏°‡πà‡∏≠‡∏ô‡∏∏‡∏ç‡∏≤‡∏ï‡πÉ‡∏´‡πâ‡∏Ñ‡∏±‡∏î‡∏•‡∏≠‡∏Å ‡∏´‡∏£‡∏∑‡∏≠ ‡∏Å‡∏≤‡∏£‡∏≠‡∏±‡∏õ‡πÇ‡∏´‡∏•‡∏î‡∏ã‡πâ‡∏≥ ‡πÑ‡∏õ‡∏•‡∏á‡∏ä‡πà‡∏≠‡∏á‡∏ï‡∏±‡∏ß‡πÄ‡∏≠‡∏á‡πÇ‡∏î‡∏¢‡πÄ‡∏î‡πá‡∏î‡∏Ç‡∏≤‡∏î,False,52,https://www.tiktok.com/@storyboon99
1,7056.0,2924.0,156600.0,1545.0,229.0,92.0,‡∏ï‡∏∑‡πà‡∏ô‡∏°‡∏≤‡∏™‡∏î‡πÉ‡∏™ ‡∏î‡πâ‡∏ß‡∏¢‡∏ß‡∏¥‡∏ò‡∏µ‡∏ô‡∏µ‡πâ!! #7care#‡∏ï‡∏∑‡πà‡∏ô‡πÄ‡∏ä‡πâ‡∏≤ #‡∏ï‡∏∑‡πà‡∏ô‡∏°‡∏≤‡∏™‡∏î‡∏ä‡∏∑‡πà‡∏ô #‡πÄ‡∏£‡∏¥‡πà‡∏°‡∏ß‡∏±‡∏ô‡πÉ‡∏´‡∏°‡πà #‡πÄ‡∏ä‡πâ‡∏≤‡πÅ‡∏´‡πà‡∏á‡∏Ñ‡∏ß‡∏≤‡∏°‡∏™‡∏∏‡∏Ç #‡πÄ‡∏ä‡πâ‡∏≤‡∏™‡∏î‡πÉ‡∏™ #‡∏ï‡∏∑‡πà‡∏ô‡∏°‡∏≤‡πÄ‡∏õ‡πá‡∏ô‡∏Ñ‡∏ô‡πÉ‡∏´‡∏°‡πà #‡πÄ‡∏£‡∏¥‡πà‡∏°‡∏ï‡πâ‡∏ô‡∏ß‡∏±‡∏ô‡∏î‡∏µ‡πÜ #‡πÄ‡∏ä‡πâ‡∏≤‡∏î‡∏µ‡∏°‡∏µ‡∏ä‡∏±‡∏¢‡πÑ‡∏õ‡∏Å‡∏ß‡πà‡∏≤‡∏Ñ‡∏£‡∏∂‡πà‡∏á #‡πÄ‡∏ä‡πâ‡∏≤‡∏™‡∏≤‡∏¢‡∏û‡∏•‡∏±‡∏á #‡∏û‡∏•‡∏±‡∏á‡∏ö‡∏ß‡∏Å‡∏¢‡∏≤‡∏°‡πÄ‡∏ä‡πâ‡∏≤ #‡πÄ‡∏ä‡πâ‡∏≤‡∏ô‡∏µ‡πâ‡∏°‡∏µ‡∏û‡∏•‡∏±‡∏á #morningvibes #freshmorning #goodmorningworld #wakeuphappy #startyourdayright #morningmotivation #earlyrisers #sunrisemood #wellnessmorning #positivevibes #‡∏™‡∏∏‡∏Ç‡∏†‡∏≤‡∏û‡∏î‡∏µ‡πÄ‡∏£‡∏¥‡πà‡∏°‡∏ï‡πâ‡∏ô‡∏ó‡∏µ‡πà‡πÄ‡∏ä‡πâ‡∏≤ #mindfulmorning #‡∏ï‡∏∑‡πà‡∏ô‡∏°‡∏≤‡πÉ‡∏ä‡πâ‡∏ä‡∏µ‡∏ß‡∏¥‡∏ï #‡∏û‡∏•‡∏±‡∏á‡∏ä‡∏µ‡∏ß‡∏¥‡∏ï #‡∏ä‡∏µ‡∏ß‡∏¥‡∏ï‡∏î‡∏µ‡πÄ‡∏£‡∏¥‡πà‡∏°‡∏ó‡∏µ‡πà‡πÄ‡∏ä‡πâ‡∏≤ #‡πÄ‡∏ä‡πâ‡∏≤‡∏™‡∏£‡πâ‡∏≤‡∏á‡πÅ‡∏£‡∏á‡∏ö‡∏±‡∏ô‡∏î‡∏≤‡∏•‡πÉ‡∏à #‡πÄ‡∏ä‡πâ‡∏≤‡∏î‡∏µ‡∏ä‡∏µ‡∏ß‡∏¥‡∏ï‡∏î‡∏µ #‡∏™‡∏î‡∏ä‡∏∑‡πà‡∏ô‡∏£‡∏±‡∏ö‡∏ß‡∏±‡∏ô‡πÉ‡∏´‡∏°‡πà #morningenergy,th,1458,152800,13,0,3400000,7266336078197949445,7care.skin,7 CARE,‚Ä¢ Healthy & Beauty Tips ‚Ä¢ ‡πÅ‡∏ä‡∏£‡πå‡∏Ñ‡∏ß‡∏≤‡∏°‡∏£‡∏π‡πâ ‡πÄ‡∏Ñ‡∏•‡πá‡∏î‡∏•‡∏±‡∏ö‡∏Å‡∏≤‡∏£‡∏î‡∏π‡πÅ‡∏•‡∏ú‡∏¥‡∏ß & ‡∏Ñ‡∏ß‡∏≤‡∏°‡∏á‡∏≤‡∏°,False,96,https://www.tiktok.com/@7care.skin
1,5276.0,110.0,102300.0,173.0,482.0,172.0,‡∏´‡πâ‡∏≠‡∏á‡∏≠‡∏≠‡∏Å‡∏Å‡∏≥‡∏•‡∏±‡∏á‡∏Å‡∏≤‡∏¢‡∏™‡πà‡∏ß‡∏ô‡∏ï‡∏±‡∏ß‡∏Ç‡∏≠‡∏á‡∏ú‡∏°#‡∏≠‡∏≠‡∏Å‡∏Å‡πç‡∏≤‡∏•‡∏±‡∏á‡∏ó‡∏µ‡πà‡∏ö‡πâ‡∏≤‡∏ô #‡∏≠‡∏∏‡∏õ‡∏Å‡∏£‡∏ì‡πå‡∏≠‡∏≠‡∏Å‡∏Å‡πç‡∏≤‡∏•‡∏±‡∏á‡∏Å‡∏≤‡∏¢‡∏ó‡∏µ‡πà‡∏ö‡πâ‡∏≤‡∏ô,th,10300,11800,71,0,133200,7531771611856798726,noxarth326,mintada êôö,,False,55,https://www.tiktok.com/@noxarth326
1,3622.0,655.0,103700.0,1693.0,57.0,83.0,‡∏≠‡∏≠‡∏Å‡∏Å‡∏≥‡∏•‡∏±‡∏á‡∏Å‡∏≤‡∏¢‡∏¢‡∏±‡∏á‡πÑ‡∏á‡πÑ‡∏°‡πà‡πÉ‡∏´‡πâ‡πÅ‡∏Ç‡∏ô‡πÉ‡∏´‡∏ç‡πà ##‡πÄ‡∏ó‡∏£‡∏ô‡∏î‡πå‡∏ß‡∏±‡∏ô‡∏ô‡∏µ‡πâ##tiktok‡∏™‡∏∏‡∏Ç‡∏†‡∏≤‡∏û##‡∏ü‡∏¥‡∏ï‡∏Å‡∏±‡∏ötiktok##‡∏≠‡∏≠‡∏Å‡∏Å‡πç‡∏≤‡∏•‡∏±‡∏á‡∏Å‡∏≤‡∏¢##‡∏™‡∏∏‡∏Ç‡∏†‡∏≤‡∏û‡∏î‡∏µ##‡∏ß‡∏¥‡∏ò‡∏µ‡∏õ‡∏±‡πâ‡∏ô‡∏´‡∏∏‡πà‡∏ô##‡∏•‡∏î‡∏ô‡πâ‡πç‡∏≤‡∏´‡∏ô‡∏±‡∏Å‡∏î‡πâ‡∏ß‡∏¢‡∏ï‡∏±‡∏ß‡πÄ‡∏≠‡∏á##‡∏™‡∏£‡πâ‡∏≤‡∏á‡∏Å‡∏•‡πâ‡∏≤‡∏°‡πÄ‡∏ô‡∏∑‡πâ‡∏≠##‡πÄ‡∏ß‡∏ó‡πÄ‡∏ó‡∏£‡∏ô‡∏ô‡∏¥‡πà‡∏á##‡∏ü‡∏¥‡∏ï‡πÄ‡∏ô‡∏™##‡∏•‡∏î‡πÑ‡∏Ç‡∏°‡∏±‡∏ô,th,1851,111900,26,0,1300000,7196304825603490842,oilthisfitburnfat,OilThis Fit Burn Fat,‡∏ï‡∏¥‡∏î‡∏ï‡πà‡∏≠‡∏á‡∏≤‡∏ô ‡∏Ñ‡∏∏‡∏ì‡∏Å‡πâ‡∏≠‡∏á ID Line: ktyyo ig:oilthisfitburnfat,False,522,https://www.tiktok.com/@oilthisfitburnfat
1,16400.0,4883.0,484800.0,892.0,1539.0,218.0,"#‡∏≠‡∏∏‡∏õ‡∏Å‡∏£‡∏ì‡πå‡∏Å‡∏≤‡∏¢‡∏†‡∏≤‡∏û‡∏ö‡πç‡∏≤‡∏ö‡∏±‡∏î #‡πÇ‡∏£‡∏Ñ‡∏°‡∏∞‡πÄ‡∏£‡πá‡∏á ""‡∏î‡∏π‡πÅ‡∏•,‡πÄ‡∏¢‡∏µ‡∏¢‡∏ß‡∏¢‡∏≤,‡∏£‡∏±‡∏Å‡∏©‡∏≤..‡∏î‡πâ‡∏ß‡∏¢‡∏Ñ‡∏ß‡∏≤‡∏°‡πÄ‡∏Ç‡πâ‡∏≤‡πÉ‡∏à‡∏ú‡∏π‡πâ‡∏õ‡πà‡∏ß‡∏¢‡∏à‡∏∞‡∏°‡∏µ‡∏ä‡∏µ‡∏ß‡∏¥‡∏ï‡∏ó‡∏µ‡πà‡∏™‡∏î‡πÉ‡∏™‡∏™‡∏∏‡∏Ç‡∏†‡∏≤‡∏û‡∏£‡πà‡∏≤‡∏á‡∏Å‡∏≤‡∏£‡πÅ‡∏Ç‡πá‡∏á‡πÅ‡∏£‡∏á""..‡∏Ç‡∏≠‡∏ö‡∏Ñ‡∏∏‡∏ì‡∏°‡∏≤‡∏Å‡∏Ñ‡∏£‡∏±‡∏ö",th,23500,23100,5025,0,253200,7178713450376823835,user_arnon,‡∏ä‡πà‡∏≤‡∏á‡∏Å‡∏≠‡∏•‡πå‡∏ü‡∏≠‡∏≤‡∏ô‡∏ô‡∏ó‡πå_ARNON,‡∏™‡∏£‡πâ‡∏≤‡∏á‡∏Ñ‡∏•‡∏¥‡∏õ‡πÄ‡∏û‡∏∑‡πà‡∏≠‡πÄ‡∏õ‡πá‡∏ô‡∏ß‡∏¥‡∏ó‡∏¢‡∏≤‡∏ó‡∏≤‡∏ô..‡∏ù‡∏≤‡∏Å‡πÑ‡∏ß‡πâ‡πÉ‡∏´‡πâ‡πÄ‡∏õ‡πá‡∏ô‡πÅ‡∏á‡πà‡∏Ñ‡∏¥‡∏î..‡πÅ‡∏•‡∏∞..‡∏Ñ‡∏ß‡∏≤‡∏°‡∏ö‡∏±‡∏ô‡πÄ‡∏ó‡∏¥‡∏á..‡πÄ‡∏ó‡πà‡∏≤‡∏ô‡∏±‡πâ‡∏ô,False,848,https://www.tiktok.com/@user_arnon
1,201.0,89.0,24800.0,65.0,41.0,44.0,‡∏Å‡∏£‡∏∞‡∏ä‡∏±‡∏ö‡∏ï‡πâ‡∏ô‡∏Ç‡∏≤‡∏â‡∏ö‡∏±‡∏ö‡πÄ‡∏£‡πà‡∏á‡∏î‡πà‡∏ß‡∏ô ‡∏î‡πâ‡∏ß‡∏¢‡πÄ‡∏Ñ‡∏£‡∏∑‡πà‡∏≠‡∏á‡πÄ‡∏î‡∏¥‡∏ô‡∏ö‡∏±‡∏ô‡πÑ‡∏î STAIR CLIMBER ‡∏à‡∏≤‡∏Å DRAX ‡∏ï‡∏¥‡∏î‡∏ï‡πà‡∏≠‡∏™‡∏≠‡∏ö‡∏ñ‡∏≤‡∏° ‡∏ó‡∏î‡∏™‡∏≠‡∏ö‡∏Å‡∏≤‡∏£‡πÉ‡∏ä‡πâ‡∏á‡∏≤‡∏ô‡πÄ‡∏Ñ‡∏£‡∏∑‡πà‡∏≠‡∏á‡∏≠‡∏≠‡∏Å‡∏Å‡∏≥‡∏•‡∏±‡∏á‡∏Å‡∏≤‡∏¢ Ô∏è ùü¨ùüÆ-ùü∞ùüØùüµ-ùü¨ùü¥ùü¥ùü¥ ‡∏û‡∏¥‡∏Å‡∏±‡∏î ‡πÉ‡∏Å‡∏•‡πâ BTS ‡∏ß‡∏á‡πÄ‡∏ß‡∏µ‡∏¢‡∏ô‡πÉ‡∏´‡∏ç‡πà ‡∏ó‡∏≤‡∏á‡∏≠‡∏≠‡∏Å 1 ‚è∞‡πÄ‡∏õ‡∏¥‡∏î‡πÉ‡∏´‡πâ‡∏ö‡∏£‡∏¥‡∏Å‡∏≤‡∏£ ‡∏à‡∏±‡∏ô‡∏ó‡∏£‡πå-‡πÄ‡∏™‡∏≤‡∏£‡πå ‡πÄ‡∏ß‡∏•‡∏≤ 09:00 - 18:00 ‡∏ô. #FitnessExpertThai #draxthailand #stairclimber #‡∏Å‡∏£‡∏∞‡∏ä‡∏±‡∏ö‡∏ï‡πâ‡∏ô‡∏Ç‡∏≤ #‡∏Å‡∏£‡∏∞‡∏ä‡∏±‡∏ö‡∏™‡∏∞‡πÇ‡∏û‡∏Å‡πÅ‡∏•‡∏∞‡∏ï‡πâ‡∏ô‡∏Ç‡∏≤ #‡πÄ‡∏Ñ‡∏£‡∏∑‡πà‡∏≠‡∏á‡∏≠‡∏≠‡∏Å‡∏Å‡∏≥‡∏•‡∏±‡∏á‡∏Å‡∏≤‡∏¢‡∏ô‡∏≥‡πÄ‡∏Ç‡πâ‡∏≤‡∏ï‡πâ‡∏≠‡∏á‡∏ó‡∏µ‡πàFitnessExpertThai #‡∏ö‡∏£‡∏¥‡∏©‡∏±‡∏ó‡∏Ç‡∏≤‡∏¢‡πÄ‡∏Ñ‡∏£‡∏∑‡πà‡∏≠‡∏á‡∏≠‡∏≠‡∏Å‡∏Å‡∏≥‡∏•‡∏±‡∏á‡∏Å‡∏≤‡∏¢‡∏ô‡∏≥‡πÄ‡∏Ç‡πâ‡∏≤ #‡∏ó‡∏∏‡∏Å‡πÄ‡∏£‡∏∑‡πà‡∏≠‡∏á‡∏ü‡∏¥‡∏ï‡πÄ‡∏ô‡∏™‡∏£‡∏ß‡∏°‡∏Ñ‡∏£‡∏ö‡∏à‡∏ö‡πÉ‡∏ô‡∏ó‡∏µ‡πà‡πÄ‡∏î‡∏µ‡∏¢‡∏ß #,th,607,392,144,0,6364,6815061934631617537,fitnessexpertthai,Fitness Expert Thai,‡∏ö‡∏£‡∏¥‡∏©‡∏±‡∏ó‡∏Ç‡∏≤‡∏¢‡πÄ‡∏Ñ‡∏£‡∏∑‡πà‡∏≠‡∏á‡∏≠‡∏≠‡∏Å‡∏Å‡∏≥‡∏•‡∏±‡∏á‡∏Å‡∏≤‡∏¢‡∏ô‡∏≥‡πÄ‡∏Ç‡πâ‡∏≤‡∏à‡∏≤‡∏Å‡∏ï‡πà‡∏≤‡∏á‡∏õ‡∏£‡∏∞‡πÄ‡∏ó‡∏® ‡∏£‡∏±‡∏ö‡∏õ‡∏£‡∏∞‡∏Å‡∏±‡∏ô‡∏™‡∏¥‡∏ô‡∏Ñ‡πâ‡∏≤‡∏ó‡∏∏‡∏Å‡∏£‡∏≤‡∏¢‡∏Å‡∏≤‡∏£,False,729,https://www.tiktok.com/@fitnessexpertthai
1,188100.0,10600.0,16900000.0,60500.0,1698.0,30.0,‡πÅ‡∏à‡∏Å‡∏ó‡∏£‡∏¥‡∏Ñ‡∏´‡∏ô‡πâ‡∏≤‡πÉ‡∏™‡∏Å‡πà‡∏≠‡∏ô‡∏ô‡∏≠‡∏ô #clearnose #‡πÄ‡∏Ñ‡∏•‡∏µ‡∏¢‡∏£‡πå‡πÇ‡∏ô‡∏™ #pov #fyp #foryoupage #‡∏™‡∏Å‡∏¥‡∏ô‡πÅ‡∏Ñ‡∏£‡πå #‡∏™‡∏Å‡∏¥‡∏ô‡πÅ‡∏Ñ‡∏£‡πå‡πÉ‡∏ô‡πÄ‡∏ã‡πÄ‡∏ß‡πà‡∏ô #tiktokuni #tiktoklooks #‡πÄ‡∏£‡∏∑‡πà‡∏≠‡∏á‡∏ú‡∏¥‡∏ß #‡∏£‡∏µ‡∏ß‡∏¥‡∏ß‡∏™‡∏Å‡∏¥‡∏ô‡πÅ‡∏Ñ‡∏£‡πå #skincare #skincare‡πÄ‡∏ã‡πÄ‡∏ß‡πà‡∏ô #‡∏£‡∏µ‡∏ß‡∏¥‡∏ß‡∏Ñ‡∏£‡∏µ‡∏°‡∏ã‡∏≠‡∏á‡πÄ‡∏ã‡πÄ‡∏ß‡πà‡∏ô #‡πÄ‡∏ã‡∏£‡∏±‡πà‡∏°‡πÄ‡∏Ñ‡∏•‡∏µ‡∏¢‡∏£‡πå‡πÇ‡∏ô‡∏™ #‡∏°‡∏≠‡∏¢‡∏™‡πå‡πÄ‡∏Ñ‡∏•‡∏µ‡∏¢‡∏£‡πå‡πÇ‡∏ô‡∏™ #moist #‡∏°‡∏≠‡∏¢‡πÄ‡∏à‡∏≠‡∏£‡πå‡πÑ‡∏£‡πÄ‡∏ã‡∏≠‡∏£‡πå #moisturizer,th,749,295600,2,0,6800000,6827460492631933953,clearnose,clearnose,‡πÄ‡∏Ñ‡∏•‡∏µ‡∏¢‡∏£‡πå‡πÇ‡∏ô‡∏™ IG : Clearnose 7-Eleven ‚Ä¢ Watsons ‚Ä¢ CJ ‚Ä¢ Eveandboy ‚Ä¢ Konvy,False,1083,https://www.tiktok.com/@clearnose
1,73300.0,1083.0,2500000.0,9059.0,170.0,34.0,‡πÑ‡∏°‡πà‡∏£‡∏π‡πâ‡∏à‡∏∞‡πÇ‡∏Å‡∏´‡∏Å‡∏ó‡∏≥‡πÑ‡∏°#‡∏£‡∏¥‡∏ã‡πÄ‡∏ã‡πà‡∏°‡∏≤‡∏£‡πå‡∏Ñ‡∏ö‡∏π‡∏™‡πÄ‡∏ï‡∏≠‡∏£‡πå‡∏™‡∏Å‡∏¥‡∏ô #‡πÄ‡∏ã‡∏£‡∏±‡πà‡∏°‡∏°‡∏¥‡∏•‡∏Ñ‡πå‡πÑ‡∏Æ‡∏¢‡∏≤‡∏£‡∏¥‡∏ã‡πÄ‡∏ã‡πà,th,11300,234300,17,0,8500000,6821108125802759170,pond1726,‡∏õ‡∏±‡∏á‡πÅ‡∏õ‡∏ß,Ig:napassorn_._ Napassorn Chimsud ‡∏™‡∏¥‡∏ô‡∏Ñ‡πâ‡∏≤‡∏ó‡∏µ‡πà‡πÉ‡∏ä‡πâ‡∏´‡∏ô‡πâ‡∏≤‡πÇ‡∏õ‡∏£‡πÑ‡∏ü‡∏•‡πå‡πÄ‡∏•‡∏¢‡∏Ñ‡πà‡∏∞ü©∑,False,1028,https://www.tiktok.com/@pond1726
1,2881.0,153.0,81800.0,842.0,24.0,169.0,‡∏´‡∏ô‡πâ‡∏≤‡∏°‡∏±‡∏ô‡πÅ‡∏ö‡∏ö‚Äú‡∏°‡∏±‡∏ô‡∏°‡∏≤‡∏Å‚Äù‡∏™‡∏∏‡∏î‡πÜ!!! ‡πÄ‡∏£‡∏¥‡πà‡∏°‡∏ï‡πâ‡∏ô‡∏î‡∏π‡πÅ‡∏•‡∏ú‡∏¥‡∏ß‡∏¢‡∏±‡∏á‡πÑ‡∏á #‡∏£‡∏µ‡∏ß‡∏¥‡∏ß‡∏ö‡∏¥‡∏ß‡∏ï‡∏µ‡πâ #‡πÇ‡∏ö‡∏Å‡∏±‡∏™‡∏ö‡∏¥‡∏ß‡∏ï‡∏µ‡πâ #TikTokUni #‡∏™‡∏Å‡∏¥‡∏ô‡πÅ‡∏Ñ‡∏£‡πå3‡∏ô‡∏≤‡∏ó‡∏µ #TikTokLooks #‡∏™‡∏≠‡∏ô‡πÅ‡∏ï‡πà‡∏á‡∏´‡∏ô‡πâ‡∏≤ #‡πÄ‡∏°‡∏Ñ‡∏≠‡∏±‡∏û‡πÄ‡∏õ‡∏•‡∏µ‡πà‡∏¢‡∏ô‡∏•‡∏∏‡∏Ñ,th,194200,1200000,925,0,42000000,6813233159624688642,busgobogus9,busgobogus,‡∏ï‡∏¥‡∏î‡∏ï‡πà‡∏≠‡∏á‡∏≤‡∏ô Email : st@syncup.co.th,False,1770,https://www.tiktok.com/@busgobogus9
1,457.0,59.0,39500.0,208.0,7.0,66.0,‡πÑ‡∏õ‡∏Ñ‡∏±‡∏î 5 ‡∏ô‡πâ‡∏≥‡∏´‡∏≠‡∏°‡∏Å‡∏•‡∏¥‡πà‡∏ô‡πÄ‡∏ã‡πá‡∏Å‡∏ã‡∏µ‡πâ‡∏Ç‡∏¢‡∏µ‡πâ‡∏´‡∏±‡∏ß‡πÉ‡∏à‡∏°‡∏≤‡∏ó‡∏µ‡πà‡πÄ‡∏´‡∏°‡∏≤‡∏∞‡∏Å‡∏µ‡∏ö‡∏â‡∏µ‡∏î‡πÑ‡∏õ‡πÄ‡∏î‡∏ó‡∏ß‡∏≤‡πÄ‡∏•‡∏ô‡πÑ‡∏ó‡∏ô‡πå‡∏ô‡∏µ‡πâ‡∏°‡∏≤‡πÉ‡∏´‡πâ ‡πÉ‡∏Ñ‡∏£‡∏ä‡∏≠‡∏ö‡πÄ‡∏ã‡πá‡∏Å‡∏ã‡∏µ‡πà‡πÅ‡∏ö‡∏ö‡πÑ‡∏´‡∏ô‡∏Å‡πá‡πÑ‡∏õ‡∏•‡∏≠‡∏á‡∏Å‡∏±‡∏ô‡πÑ‡∏î‡πâ‡πÄ‡∏•‡∏¢‡∏¢ ‡∏´‡∏£‡∏∑‡∏≠‡πÉ‡∏Ñ‡∏£‡∏°‡∏µ‡∏õ‡∏£‡∏∞‡∏™‡∏ö‡∏Å‡∏≤‡∏£‡∏ì‡πå‡∏Å‡∏±‡∏ö‡∏ô‡πâ‡∏≥‡∏´‡∏≠‡∏°‡∏Å‡∏•‡∏¥‡πà‡∏ô‡∏ó‡∏µ‡πà‡πÄ‡∏£‡∏≤‡πÄ‡∏•‡∏∑‡∏≠‡∏Å‡∏Å‡πá‡∏°‡∏≤‡πÅ‡∏ä‡∏£‡πå‡∏Å‡∏±‡∏ô‡πÑ‡∏î‡πâ‡∏ô‡πâ‡∏≤ ü´∂ #jebanarrival #jebandotcom #jeban #beauty #‡∏£‡∏µ‡∏ßÔøΩÔøΩÔøΩ‡∏ß‡∏ö‡∏¥‡∏ß‡∏ï‡∏µ‡πâ #perfume #valentine2024 #‡∏ó‡∏µ‡πà‡∏™‡∏∏‡∏î‡πÅ‡∏´‡πà‡∏á‡∏õ‡∏µ2024 #Tiktokbeauty,th,410,88200,0,0,5600000,7016209882388136986,jebandotcom,Jebanofficial,Jeban Beauty Community ‡∏≠‡∏±‡∏õ‡πÄ‡∏î‡∏ï‡∏ó‡∏∏‡∏Å‡πÄ‡∏ó‡∏£‡∏ô‡∏î‡πå l ‡∏£‡∏π‡πâ‡∏•‡∏∂‡∏Å‡∏ó‡∏∏‡∏Å‡πÄ‡∏£‡∏∑‡πà‡∏≠‡∏á beauty,False,1479,https://www.tiktok.com/@jebandotcom
1,31.0,1.0,1313.0,1.0,1.0,55.0,‡∏Å‡∏•‡∏¥‡πà‡∏ô‡∏ó‡∏≥‡πÉ‡∏´‡πâ‡πÄ‡∏£‡∏≤‡∏à‡∏≥‡πÄ‡∏´‡∏ï‡∏∏‡∏Å‡∏≤‡∏£‡∏ì‡πå ‡∏´‡∏£‡∏∑‡∏≠‡∏Ñ‡∏ô‡πÜ‡∏ô‡∏∂‡∏á‡πÑ‡∏î‡πâ ‡∏≠‡∏µ‡∏Å‡∏ó‡∏±‡πâ‡∏á‡∏¢‡∏±‡∏á‡∏Å‡∏£‡∏∞‡∏ï‡∏∏‡πâ‡∏ô‡∏´‡∏•‡∏≤‡∏¢‡∏≠‡∏≤‡∏£‡∏°‡∏ì‡πå ‡πÉ‡∏Ñ‡∏£‡∏à‡∏∞‡πÑ‡∏õ‡πÄ‡∏î‡∏ó‡∏Ñ‡∏ß‡∏£‡∏â‡∏µ‡∏î‡∏ô‡πâ‡∏≥‡∏´‡∏≠‡∏°‡∏≠‡∏¢‡πà‡∏≤‡∏á‡∏û‡∏≠‡∏î‡∏µ ‡πÅ‡∏•‡∏∞‡πÉ‡∏´‡πâ‡∏°‡∏±‡πà‡∏ô‡πÉ‡∏à‡∏ß‡πà‡∏≤‡∏Å‡∏•‡∏¥‡πà‡∏ô‡∏ï‡∏¥‡∏î‡∏ñ‡∏∂‡∏á‡∏ï‡∏≠‡∏ô‡πÄ‡∏î‡∏ó ‡∏´‡∏•‡∏µ‡∏Å‡πÄ‡∏•‡∏µ‡πà‡∏¢‡∏á‡∏Å‡∏≤‡∏£‡πÄ‡∏î‡∏¥‡∏ô‡∏ó‡∏≤‡∏á‡∏ó‡∏µ‡πà‡∏à‡∏∞‡∏ó‡∏≥‡πÉ‡∏´‡πâ‡∏Å‡∏•‡∏¥‡πà‡∏ô‡∏´‡∏≤‡∏¢‡πÄ‡∏ä‡πà‡∏ô ‡∏ô‡∏±‡πà‡∏á‡∏ß‡∏¥‡∏ô ‡∏´‡∏£‡∏∑‡∏≠‡∏à‡∏∞‡∏â‡∏µ‡∏î‡∏ã‡πâ‡∏≥‡∏´‡∏ô‡πâ‡∏≤‡∏á‡∏≤‡∏ô‡∏Å‡πá‡πÑ‡∏î‡πâ ‡πÅ‡∏ï‡πà‡∏à‡∏≥‡πÑ‡∏ß‡πâ‡∏ß‡πà‡∏≤ ‡∏ï‡∏±‡∏ß‡∏´‡∏≠‡∏°‡∏¢‡∏±‡∏á‡πÑ‡∏á‡∏Å‡πá‡∏ä‡∏ô‡∏∞‡πÑ‡∏õ‡∏™‡πà‡∏ß‡∏ô‡∏´‡∏ô‡∏∂‡πà‡∏á‡πÅ‡∏•‡πâ‡∏ß #‡∏ô‡πâ‡∏≥‡∏´‡∏≠‡∏° #‡∏Å‡∏•‡∏¥‡πà‡∏ô‡∏ï‡∏±‡∏ß #‡πÄ‡∏î‡∏ó #‡∏Ñ‡∏ô‡∏Ñ‡∏∏‡∏¢ #‡∏Ñ‡∏ß‡∏≤‡∏°‡∏£‡∏±‡∏Å,th,54,5715,2,0,149400,7489488187490157588,relationshipsmatterth,‡∏Ñ‡∏ß‡∏≤‡∏°‡∏™‡∏±‡∏°‡∏û‡∏±‡∏ô‡∏ò‡πå‡∏ó‡∏µ‡πà‡πÑ‡∏°‡πà‡∏™‡∏≠‡∏ô‡πÉ‡∏ô‡∏£‡∏£.,‡∏°‡∏≤‡πÄ‡∏£‡∏µ‡∏¢‡∏ô‡∏£‡∏π‡πâ ‡πÅ‡∏ä‡∏£‡πå‡∏°‡∏∏‡∏°‡∏°‡∏≠‡∏á ‡πÅ‡∏•‡∏∞ ‡∏™‡∏£‡πâ‡∏≤‡∏á‡∏Ñ‡∏ß‡∏≤‡∏°‡∏™‡∏±‡∏°‡∏û‡∏±‡∏ô‡∏ò‡πå‡∏ó‡∏µ‡πà‡∏î‡∏µ‡πÑ‡∏õ‡∏î‡πâ‡∏ß‡∏¢‡∏Å‡∏±‡∏ô @‡πÅ‡∏î‡∏ô | FINANCE BRO @It's me jumpsupp.,False,175,https://www.tiktok.com/@relationshipsmatterth
1,2959.0,668.0,127900.0,2191.0,20.0,46.0,‡∏ô‡πâ‡∏≥‡∏´‡∏≠‡∏°‡∏Å‡∏•‡∏¥‡πà‡∏ô‡πÇ‡∏£‡∏á‡πÅ‡∏£‡∏°‡∏°‡∏±‡∏ô‡∏ü‡∏¥‡∏ô‡∏ô‡∏ô #hangkyhouse,th,30500,222000,875,0,7300000,6611124148810235905,lilynatchaa,‡∏•‡∏¥‡∏•‡∏•‡∏µ‡πà‡∏ì‡∏±‡∏ê‡∏ä‡∏≤,ÈªÉËéâËéâ IG :Lilynatcha for work add LineOA @lilynforwork Click on the link below,False,1697,https://www.tiktok.com/@lilynatchaa
1,112500.0,4367.0,1300000.0,16300.0,366.0,61.0,‡∏£‡∏µ‡∏ß‡∏¥‡∏ß ‡∏™‡∏Å‡∏¥‡∏ô‡πÅ‡∏Ñ‡∏£‡πå‡∏≠‡∏≤‡∏°‡πà‡∏≤‡∏ß‡∏±‡∏¢ 80 ‡πÉ‡∏ä‡πâ ‡∏ú‡∏¥‡∏ß‡∏î‡∏µ‡∏°‡∏≤‡∏Å‡∏Å‡∏Å‡∏Å‡∏Å‡∏Å‡∏Å‡∏Å ‡∏¢‡∏≠‡∏°‡∏°‡∏°‡∏°‡∏° #‡∏£‡∏µ‡∏ß‡∏¥‡∏ß‡∏ö‡∏¥‡∏ß‡∏ï‡∏µ‡πâ,th,67300,64300,74,0,7300000,6780534423068967938,burntdumplingg,Mint,‡∏´‡πâ‡∏≤‡∏°‡∏ô‡∏≥‡∏Ñ‡∏•‡∏¥‡∏õ‡πÑ‡∏õ‡πÉ‡∏ä‡πâ For work : line @burntdumplingg / @noofah2,False,1070,https://www.tiktok.com/@burntdumplingg
2,15954.5,617.5,632000.0,4178.0,55.5,72.5,‡πÄ‡∏£‡∏µ‡∏¢‡∏á‡∏•‡∏≥‡∏î‡∏±‡∏ö Skincare ‡∏•‡∏î‡∏£‡∏≠‡∏¢‡∏™‡∏¥‡∏ß‡∏Å‡∏π‡πâ‡∏´‡∏ô‡πâ‡∏≤‡∏´‡∏°‡∏≠‡∏á‡∏Ñ‡∏•‡πâ‡∏≥ #‡∏£‡∏µ‡∏ß‡∏¥‡∏ß‡∏ö‡∏¥‡∏ß‡∏ï‡∏µ‡πâ #skincare #‡∏ú‡∏¥‡∏ß‡∏Å‡∏£‡∏∞‡∏à‡πà‡∏≤‡∏á‡πÉ‡∏™ #skincaretips #‡∏£‡∏µ‡∏ß‡∏¥‡∏ß‡∏™‡∏Å‡∏¥‡∏ô‡πÅ‡∏Ñ‡∏£‡πå Skincare ‡∏Å‡∏£‡∏∞‡∏ä‡∏±‡∏ö‡∏£‡∏π‡∏Ç‡∏∏‡∏°‡∏Ç‡∏ô ‡∏ã‡πâ‡∏≥ ‡πÑ‡∏°‡πà‡∏ã‡πâ‡∏≥ ‡πÉ‡∏ä‡πâ‡πÄ‡∏≠‡∏á‡∏£‡∏µ‡∏ß‡∏¥‡∏ß‡πÄ‡∏≠‡∏á ‡∏ä‡∏≠‡∏ö‡πÄ‡∏≠‡∏á‡∏ó‡∏∏‡∏Å‡∏ä‡∏¥‡πâ‡∏ô ##‡∏£‡∏µ‡∏ß‡∏¥‡∏ß‡∏ö‡∏¥‡∏ß‡∏ï‡∏µ‡πâ##skincare##skincareroutine##‡∏Å‡∏£‡∏∞‡∏ä‡∏±‡∏ö‡∏£‡∏π‡∏Ç‡∏∏‡∏°‡∏Ç‡∏ô##‡∏£‡∏π‡∏Ç‡∏∏‡∏°‡∏Ç‡∏ô‡∏Å‡∏£‡∏∞‡∏ä‡∏±‡∏ö,th,635,34600,24,0,1400000,7428835783894860807,g.granviia.th,Skinwithgg,* ü©∞ : sirikornleelasintham25@gmail.com Ig: ggranviia,False,313,https://www.tiktok.com/@g.granviia.th
1,2156.0,528.0,75400.0,332.0,113.0,262.0,‡πÇ‡∏õ‡∏£‡∏ï‡∏µ‡∏ô‡∏ä‡∏∏‡∏ö‡∏ä‡∏µ‡∏ß‡∏¥‡∏ï‡∏â‡∏±‡∏ô‡πÑ‡∏î‡πâ‡∏¢‡∏±‡∏á‡πÑ‡∏á‡πÑ‡∏õ‡∏ü‡∏±‡∏á‡∏á‡∏á‡∏á #‡∏™‡∏∏‡∏Ç‡∏†‡∏≤‡∏û‡∏î‡∏µ #‡∏î‡∏π‡πÅ‡∏•‡∏ï‡∏±‡∏ß‡πÄ‡∏≠‡∏á #‡∏£‡∏±‡∏Å‡∏ï‡∏±‡∏ß‡πÄ‡∏≠‡∏á #‡πÇ‡∏õ‡∏£‡∏ï‡∏µ‡∏ô‡∏û‡∏∑‡∏ä #nutrilite,th,1072,782,45,0,4100,7527536895727911952,natchagrowsup,üë©üèª‚Äçüç≥‡∏ô‡∏±‡∏ä‡∏ä‡∏≤‡∏≠‡∏¢‡∏≤‡∏Å‡∏Å‡∏¥‡∏ô‡∏≠‡∏∞‡πÑ‡∏£üçØüêù,**‡πÇ‡∏õ‡∏£‡∏î‡∏£‡∏∞‡∏ß‡∏±‡∏á‡∏Ç‡∏≠‡∏á‡∏õ‡∏•‡∏≠‡∏°** ‡∏™‡∏¥‡∏ô‡∏Ñ‡πâ‡∏≤‡πÅ‡∏ó‡πâ100%+‡∏Ç‡πâ‡∏≠‡∏°‡∏π‡∏•‡πÄ‡∏û‡∏¥‡πà‡∏°‡πÄ‡∏ï‡∏¥‡∏° Line: @774omoyh (‡∏°‡∏µ@),False,25,https://www.tiktok.com/@natchagrowsup
1,56500.0,2115.0,1500000.0,2348.0,511.0,126.0,‡∏Å‡∏¥‡∏ô‡∏Ç‡πâ‡∏≤‡∏ß‡πÄ‡∏ä‡πâ‡∏≤‡∏î‡∏µ ‡∏´‡∏£‡∏∑‡∏≠‡πÑ‡∏°‡πà‡∏î‡∏µ!? #TiktokUni #‡∏£‡∏π‡πâ‡∏à‡∏≤‡∏ÅTiktok #‡∏£‡∏±‡∏Å‡∏™‡∏∏‡∏Ç‡∏†‡∏≤‡∏û #longervideos #‡∏°‡∏≤‡∏Å‡∏Å‡∏ß‡πà‡∏≤60‡∏ß‡∏¥ #‡∏û‡∏¢‡∏≤‡∏ö‡∏≤‡∏•‡∏ô‡∏∏‡πà‡∏°‡∏ô‡∏¥‡πà‡∏° #‡∏™‡∏á‡∏™‡∏±‡∏¢‡πÄ‡∏Å‡πà‡∏á #‡∏ï‡∏≤‡∏°‡∏ï‡∏¥‡∏î‡∏ä‡∏µ‡∏ß‡∏¥‡∏ï‡∏û‡∏¢‡∏≤‡∏ö‡∏≤‡∏•,th,5168,1700000,246,0,47100000,6695383324720120834,num_nimmm,‡∏û‡∏¢‡∏≤‡∏ö‡∏≤‡∏•‡∏ô‡∏∏‡πà‡∏°‡∏ô‡∏¥‡πà‡∏°,‡∏°‡∏≤ ‚Äú‡∏™‡∏á‡∏™‡∏±‡∏¢‡πÄ‡∏Å‡πà‡∏á‚Äù‡πÑ‡∏õ‡∏î‡πâ‡∏ß‡∏¢‡∏Å‡∏±‡∏ô‡∏ô‡∏∞‡∏Ñ‡∏∞ ‡∏ï‡∏¥‡∏î‡∏ï‡πà‡∏≠‡∏á‡∏≤‡∏ô ID : @num_nimmm FA Prime / IC license,False,2106,https://www.tiktok.com/@num_nimmm
1,8567.0,2205.0,854800.0,1379.0,323.0,62.0,"#3‡∏™‡∏±‡∏ç‡∏ç‡∏≤‡∏ì‡πÄ‡∏ï‡∏∑‡∏≠‡∏ô‡∏™‡∏≥‡∏Ñ‡∏±‡∏ç‡∏ô‡∏¥‡πà‡∏ß‡πÉ‡∏ô‡πÑ‡∏ï‚ÄºÔ∏è #insightcreatorsearch #tiktokthailand #tiktokvideo #‡πÄ‡∏ó‡∏£‡∏ô‡∏î‡πå‡∏ß‡∏±‡∏ô‡∏ô‡∏µ‡πâtiktok ‡∏≠‡∏¢‡πà‡∏≤‡πÉ‡∏´‡πâ‡∏™‡∏∏‡∏Ç‡∏†‡∏≤‡∏û‡∏°‡∏µ‡∏Ñ‡πà‡∏≤‡πÄ‡∏°‡∏∑‡πà‡∏≠‡∏Ñ‡∏ß‡∏≤‡∏°‡πÄ‡∏à‡πá‡∏ö‡∏õ‡πà‡∏ß‡∏¢‡∏°‡∏≤‡∏ñ‡∏∂‡∏á‚ÄºÔ∏è ‡∏™‡∏∏‡∏Ç‡∏†‡∏≤‡∏û‡∏ó‡∏µ‡πà‡∏î‡∏µ‡πÑ‡∏°‡πà‡πÉ‡∏ä‡πà‡πÅ‡∏Ñ‡πà‡∏ó‡∏§‡∏©‡∏é‡∏µ‚Äú ‡πÅ‡∏ï‡πà‡∏Ñ‡∏∑‡∏≠‡∏Å‡∏≤‡∏£‡∏•‡∏á‡∏°‡∏∑‡∏≠‡∏õ‡∏è‡∏¥‡∏ö‡∏±‡∏ï‡∏¥ ""‡πÄ‡∏û‡∏à‡∏™‡∏∏‡∏Ç‡∏†‡∏≤‡∏û‡∏î‡∏µ ‡∏ä‡∏µ‡∏ß‡∏¥‡∏ï‡∏î‡∏µ‡πÅ‡∏ô‡πà‡∏ô‡∏≠‡∏ô"" (‡∏î‡πá‡∏≠‡∏Å‡πÄ‡∏ï‡∏≠‡∏£‡πå‡πÇ‡∏î‡πà‡∏á)",th,59000,15400,9940,0,120500,6985145630487495681,dr.dong.wellness.balance,Dr.‡∏´‡∏°‡∏≠Dong-‡∏™‡∏∏‡∏Ç‡∏†‡∏≤‡∏û‡∏î‡∏µ‡∏ä‡∏µ‡∏ß‡∏¥‡∏ï‡∏î‡∏µ,(Dr.‡∏´‡∏°‡∏≠Dong-‡∏™‡∏∏‡∏Ç‡∏†‡∏≤‡∏û‡∏î‡∏µ‡∏ä‡∏µ‡∏ß‡∏¥‡∏ï‡∏î‡∏µ) ‡∏ä‡πà‡∏≠‡∏á‡πÄ‡∏î‡∏µ‡∏¢‡∏ß‡∏à‡∏ö‡∏Ñ‡∏£‡∏ö‡∏™‡∏∏‡∏Ç‡∏†‡∏≤‡∏û‡∏î‡∏µ ‡∏¢‡∏¥‡∏ô‡∏î‡∏µ‡πÉ‡∏´‡πâ‡∏Ñ‡∏≥‡∏õ‡∏£‡∏∂‡∏Å‡∏©‡∏≤‡∏Ñ‡∏£‡∏±‡∏ö...,False,741,https://www.tiktok.com/@dr.dong.wellness.balance
1,17.0,15.0,3814.0,1.0,0.0,20.0,‡∏õ‡πâ‡∏≤‡∏¢‡∏¢‡∏≤ ‡πÄ‡∏™‡∏∑‡πà‡∏≠ Adidas Training Mat - 10 ‡∏°‡∏°. ‡∏™‡∏≤‡∏¢‡∏™‡∏∏‡∏Ç‡∏†‡∏≤‡∏ûÔ∏èÔ∏èWeight training ‡∏ï‡πâ‡∏≠‡∏á‡∏°‡∏µ ‡∏û‡∏¥‡∏Å‡∏±‡∏î ‡∏à‡∏¥‡πâ‡∏°‡∏•‡∏¥‡πâ‡∏á‡∏ô‡∏µ‡πâ‡πÑ‡∏î‡πâ‡πÄ‡∏•‡∏¢‡∏Ñ‡πà‡∏∞ #‡πÄ‡∏™‡∏∑‡πà‡∏≠‡πÇ‡∏¢‡∏Ñ‡∏∞ #Weighttraining #Adidas #BenzMedese Homegym,th,1259,645,79,0,6136,6570154079526895617,benzflashmedese,BenzFlashMedese,,False,274,https://www.tiktok.com/@benzflashmedese
1,132.0,70.0,7909.0,29.0,10.0,157.0,‡∏£‡∏µ‡∏ß‡∏¥‡∏ß‡∏ô‡πâ‡∏≥‡∏´‡∏≠‡∏°‡∏Å‡∏•‡∏¥‡πà‡∏ô Pretzel ‡∏à‡∏≤‡∏Å Auntie Anne‚Äôs ‡∏´‡∏≠‡∏°‡∏´‡∏ß‡∏≤‡∏ô ‡∏ï‡∏¥‡∏î‡∏ó‡∏ô ‡∏Å‡∏•‡∏¥‡πà‡∏ô‡πÄ‡∏´‡∏°‡∏∑‡∏≠‡∏ô Pretzel ‡∏≠‡∏ö‡πÉ‡∏´‡∏°‡πà ‡πÄ‡∏£‡∏≤‡∏ß‡πà‡∏≤‡∏≠‡∏≤‡∏ô‡∏ï‡∏µ‡πâ‡πÅ‡∏≠‡∏ô‡∏™‡πå‡∏ó‡∏≥‡πÑ‡∏î‡πâ‡∏î‡∏µ‡πÄ‡∏Å‡∏¥‡∏ô‡∏Ñ‡∏≤‡∏î‡∏°‡∏≤‡∏Å ‡πÉ‡∏Ñ‡∏£‡∏ä‡∏≠‡∏ö‡∏Å‡∏•‡∏¥‡πà‡∏ô‡∏Ç‡∏ô‡∏°‡πÅ‡∏ô‡∏∞‡∏ô‡∏≥‡πÄ‡∏•‡∏¢ @Auntie Anne‚Äôs Pretzels #‡∏£‡∏µ‡∏ß‡∏¥‡∏ß‡∏ô‡πâ‡πç‡∏≤‡∏´‡∏≠‡∏° #‡∏Ñ‡∏£‡∏µ‡∏°‡∏ó‡∏≤‡∏°‡∏∑‡∏≠ #‡∏ñ‡∏∏‡∏á‡∏´‡∏≠‡∏° #‡∏ô‡πâ‡πç‡∏≤‡∏´‡∏≠‡∏°‡∏Å‡∏•‡∏¥‡πà‡∏ô‡∏Ç‡∏ô‡∏° #‡πÉ‡∏ä‡πâ‡∏î‡∏µ‡∏ö‡∏≠‡∏Å‡∏ï‡πà‡∏≠ #‡πÄ‡∏´‡πà‡∏≠‡∏Ç‡∏≠‡∏á‡πÉ‡∏´‡∏°‡πà #‡πÅ‡∏Å‡∏∞‡∏Å‡∏•‡πà‡∏≠‡∏á‡∏£‡∏µ‡∏ß‡∏¥‡∏ß #auntieannes #pretzels,th,2584,1546,245,0,77800,6989624858763592705,safeboobooo,Booboo & friends,‡∏•‡∏á‡∏Ç‡∏≠‡∏á‡∏≠‡∏£‡πà‡∏≠‡∏¢‡∏ó‡∏µ‡πà‡∏Å‡∏¥‡∏ô‡∏ã‡πâ‡∏≥‡πÜ ‡∏Å‡∏¥‡∏ô‡∏ï‡∏≤‡∏°‡∏Å‡∏£‡∏∞‡πÅ‡∏™ ‡πÅ‡∏ô‡∏∞‡∏ô‡∏≥‡∏≠‡∏∞‡πÑ‡∏£‡πÉ‡∏´‡∏°‡πà‡πÜ ‡πÄ‡∏°‡πâ‡∏≤‡∏ã‡∏µ‡∏£‡∏µ‡∏™‡πå ‡∏à‡∏¥‡∏õ‡∏≤‡∏ñ‡∏∞,False,79,https://www.tiktok.com/@safeboobooo
1,8567.0,483.0,191600.0,3852.0,78.0,335.0,‡∏†‡∏≤‡∏û‡∏à‡∏≥‡∏¢‡∏±‡∏á‡∏ä‡∏±‡∏î‡πÄ‡∏à‡∏ô ‡πÅ‡∏ï‡πà‡∏ß‡∏±‡∏ô‡∏ô‡∏µ‡πâ..!! #poplolipop8 #‡∏£‡∏µ‡∏ß‡∏¥‡∏ß‡∏ô‡πâ‡∏≥‡∏´‡∏≠‡∏° #‡∏£‡∏µ‡∏ß‡∏¥‡∏ß‡∏ô‡πâ‡∏≥‡∏´‡∏≠‡∏°‡∏≠‡∏≤‡∏´‡∏£‡∏±‡∏ö #‡∏ô‡πâ‡∏≥‡∏´‡∏≠‡∏°‡∏≠‡∏≤‡∏´‡∏£‡∏±‡∏ö #arabperfume #tiktok‡∏ö‡∏¥‡∏ß‡∏ï‡∏µ‡πâ #‡∏£‡∏µ‡∏ß‡∏¥‡∏ß‡∏ö‡∏¥‡∏ß‡∏ï‡∏µ‡πâ #unboxing #‡∏£‡∏µ‡∏ß‡∏¥‡∏ß‡∏ö‡∏¥‡∏ß‡∏ï‡∏µ‡πâ‡πÉ‡∏ôtiktok,th,38500,141300,51,0,10200000,7217097603849225242,pop.lolipop8,pop.lolipopü¶ã,"Beauty&skintokü™ûü´ß Dm for workü´∂ :@ 203tjzkh (no barter) ‡πÑ‡∏°‡πà‡∏≠‡∏ô‡∏∏‡∏ç‡∏≤‡∏ï‡πÉ‡∏´‡πâ‡∏î‡∏π‡∏î‡∏Ñ‡∏•‡∏¥‡∏õ‡∏õ‡∏£‡∏±‡∏ö50,000‡∏ø!",False,1110,https://www.tiktok.com/@pop.lolipop8
1,1611.0,151.0,87100.0,418.0,54.0,37.0,‡πÉ‡∏´‡∏°‡πà‡∏Å‡πà‡∏≠‡∏ô‡πÉ‡∏Ñ‡∏£‡∏≠‡∏∂‡∏Å‡πÅ‡∏•‡πâ‡∏ß‡∏ß‡∏ß‡∏ß #‡πÇ‡∏à‡∏°‡∏≤‡πÇ‡∏•‡∏ô #jomalone #‡πÉ‡∏´‡∏°‡πà‡∏•‡πà‡∏≤‡∏™‡∏∏‡∏î #‡∏ô‡πâ‡∏≥‡∏´‡∏≠‡∏°‡πÅ‡∏ó‡πâ‡πÅ‡∏ö‡πà‡∏á‡∏Ç‡∏≤‡∏¢praeploy #fyp #tiktok #‡∏ô‡πâ‡πç‡∏≤‡∏´‡∏≠‡∏°‡∏ú‡∏π‡πâ‡∏´‡∏ç‡∏¥‡∏á #‡πÅ‡∏ü‡∏ä‡∏±‡πà‡∏ô‡∏ú‡∏π‡πâ‡∏´‡∏ç‡∏¥‡∏á #jomalonelond#‡∏£‡∏µ‡∏ß‡∏¥‡∏ß‡∏ô‡πâ‡πç‡∏≤‡∏´‡∏≠‡∏° #‡∏£‡∏µ‡∏ß‡∏¥‡∏ß‡∏ö‡∏¥‡∏ß‡∏ï‡∏µ‡πâ #JoMaloneLondonTH,th,4058,101700,3,0,510500,7218930208794838022,pareploy.perfume,Pareploy.perfume,‡∏Ç‡∏≤‡∏¢‡πÅ‡∏ï‡πà‡∏Ç‡∏≠‡∏á‡πÅ‡∏ó‡πâ ‡πÄ‡∏ó‡πà‡∏≤‡∏ô‡∏±‡πâ‡∏ô ‡∏ö‡πâ‡∏≤‡∏ô : @372oasiw ‡∏™‡∏±‡πà‡∏á‡∏ã‡∏∑‡πâ‡∏≠-‡∏™‡∏≠‡∏ö‡∏ñ‡∏≤‡∏°,False,146,https://www.tiktok.com/@pareploy.perfume
2,348.5,37.5,18909.5,84.5,9.0,154.0,‡πÅ‡∏Å‡∏∞‡∏Å‡∏•‡πà‡∏≠‡∏á ‡∏ô‡πâ‡∏≥‡∏´‡∏≠‡∏° Issey Miyake ‡∏£‡∏∏‡πà‡∏ô Le Sel D'issey #‡∏•‡∏±‡∏Å‡∏ì‡∏¥‡∏å‡∏≤‡∏£‡∏µ‡∏ß‡∏¥‡∏ß #‡∏£‡∏µ‡∏ß‡∏¥‡∏ß‡∏ô‡πâ‡πç‡∏≤‡∏´‡∏≠‡∏° #‡∏ô‡πâ‡πç‡∏≤‡∏´‡∏≠‡∏° #EDT #nosponsor #fyp #foryoupage #‡∏ô‡πâ‡πç‡∏≤‡∏´‡∏≠‡∏°‡∏ú‡∏π‡πâ‡∏ä‡∏≤‡∏¢ #‡∏Ç‡∏≠‡∏á‡∏î‡∏µ‡∏ö‡∏≠‡∏Å‡∏ï‡πà‡∏≠ ‡∏™‡∏Å‡∏¥‡∏ô‡πÅ‡∏Ñ‡∏£‡πå‡∏£‡∏π‡∏ó‡∏π‡∏ô ‡∏™‡∏≥‡∏´‡∏£‡∏±‡∏ö‡∏Ñ‡∏ô‡πÄ‡∏õ‡πá‡∏ô‡∏ù‡πâ‡∏≤ #‡∏ù‡πâ‡∏≤ #‡∏ù‡πâ‡∏≤‡πÅ‡∏î‡∏î #‡∏™‡∏Å‡∏¥‡∏ô‡πÅ‡∏Ñ‡∏£‡πå #‡∏™‡∏Å‡∏¥‡∏ô‡πÅ‡∏Ñ‡∏£‡πå‡∏£‡∏π‡∏ó‡∏µ‡∏ô #‡∏•‡∏±‡∏Å‡∏ì‡∏¥‡∏å‡∏≤‡∏£‡∏µ‡∏ß‡∏¥‡∏ß #foryoupage #‡πÉ‡∏ä‡πâ‡∏à‡∏£‡∏¥‡∏á‡∏£‡∏µ‡∏ß‡∏¥‡∏ß‡∏à‡∏£‡∏¥‡∏á #‡∏Ç‡∏≠‡∏á‡∏î‡∏µ‡∏ö‡∏≠‡∏Å‡∏ï‡πà‡∏≠ #‡∏à‡∏£‡∏¥‡∏á‡πÉ‡∏à #‡∏£‡∏µ‡∏ß‡∏¥‡∏ß‡∏Ç‡∏≠‡∏á‡∏î‡∏µ‡∏ö‡∏≠‡∏Å‡∏ï‡πà‡∏≠,th,162,49200,0,0,321200,7369968056356324353,toony464,‡∏•‡∏±‡∏Å‡∏ì‡∏¥‡∏å‡∏≤ ‡∏£‡∏µ‡∏ß‡∏¥‡∏ß,‡∏Ñ‡∏£‡∏π‡πÄ‡∏Ñ‡∏°‡∏µ ‡∏ä‡∏≠‡∏ö‡∏£‡∏µ‡∏ß‡∏¥‡∏ß‡∏™‡∏Å‡∏¥‡∏ô‡πÅ‡∏Ñ‡∏£‡πå ‡∏ô‡πâ‡∏≥‡∏´‡∏≠‡∏° ‡πÑ‡∏°‡πà‡∏£‡∏±‡∏ö‡∏£‡∏µ‡∏ß‡∏¥‡∏ß‡∏™‡∏¥‡∏ô‡∏Ñ‡πâ‡∏≤ ‡∏õ‡∏±‡∏Å‡∏ï‡∏∞‡∏Å‡∏£‡πâ‡∏≤‡πÄ‡∏â‡∏û‡∏≤‡∏∞‡∏Ç‡∏≠‡∏á‡∏ó‡∏µ‡πà‡∏ï‡∏±‡∏ß‡πÄ‡∏≠‡∏á‡πÉ‡∏ä‡πâ,False,690,https://www.tiktok.com/@toony464
1,1335.0,127.0,42000.0,407.0,17.0,102.0,‡πÑ‡∏≠ ‡πÄ‡∏ö‡∏¥‡πâ‡∏ö @Glossier please sponsor me #glossier #glossierperfume #perfume #‡∏£‡∏µ‡∏ß‡∏¥‡∏ß‡∏ô‡πâ‡πç‡∏≤‡∏´‡∏≠‡∏° #‡∏ô‡πâ‡∏≥‡∏´‡∏≠‡∏°glossier #‡∏ô‡πâ‡∏≥‡∏´‡∏≠‡∏° #‡∏£‡∏µ‡∏ß‡∏¥‡∏ß‡∏ö‡∏¥‡∏ß‡∏ï‡∏µ‡πâ,th,51900,12500,2980,0,1500000,7059589917098345499,mmmcherrycoke,‡∏≠‡∏≤‡πÅ‡∏´‡∏¢‡∏ßÔøºüëÅÔ∏èü´¶üëÅÔ∏è,"not a content creator i just share my ‡πÅ‡∏£‡∏ô‡∏î‡πâ‡∏≠‡∏° lifeÔ∏è sometimes for the plot, sometimes not all here are ¬©",False,1488,https://www.tiktok.com/@mmmcherrycoke
1,692.0,90.0,61300.0,201.0,16.0,146.0,Lancome ‡∏≠‡∏≠‡∏Å‡∏ô‡πâ‡∏≥‡∏´‡∏≠‡∏° IDOLE NOW ‡∏ï‡∏±‡∏ß‡πÉ‡∏´‡∏°‡πà !! ##IDOLEBYLANCOME ##IDOLESRIDENOW##LancomeThailand #‡∏£‡∏µ‡∏ß‡∏¥‡∏ß‡∏ô‡πâ‡∏≥‡∏´‡∏≠‡∏° #‡∏£‡∏µ‡∏ß‡∏¥‡∏ß‡∏ö‡∏¥‡∏ß‡∏ï‡∏µ‡πâ,th,12100,60800,1675,0,920200,6809520362692445185,momtifunction,Momtifunction,‡∏ú‡∏π‡πâ‡∏´‡∏ç‡∏¥‡∏á 30+ ‡∏Ñ‡∏∏‡∏ì‡πÅ‡∏°‡πà‡∏•‡∏π‡∏Å‡∏™‡∏≠‡∏á‡πÅ‡∏ä‡∏£‡πå‡πÄ‡∏£‡∏∑‡πà‡∏≠‡∏á‡∏£‡∏≤‡∏ß‡∏ó‡∏µ‡πà‡∏à‡∏∞‡∏ó‡∏≥‡πÉ‡∏´‡πâ‡∏ä‡∏µ‡∏ß‡∏¥‡∏ï‡∏ú‡∏π‡πâ‡∏´‡∏ç‡∏¥‡∏á‡∏á‡πà‡∏≤‡∏¢‡∏Ç‡∏∂‡πâ‡∏ô,False,543,https://www.tiktok.com/@momtifunction
1,1127.0,16.0,13200.0,90.0,1.0,38.0,‡∏õ‡πâ‡∏≤‡∏¢‡∏¢‡∏≤‡∏ô‡πâ‡∏≥‡∏´‡∏≠‡∏° Everyday Use ‡∏ó‡∏µ‡πà‡∏à‡∏∑‡∏≠‡∏ä‡∏≠‡∏ö‡∏°‡∏≤‡∏Å‡πÜ‡πÜ‡πÜ‡πÜ ‡∏Æ‡∏≠‡∏ï‡∏Æ‡∏¥‡∏ï‡πÅ‡∏ö‡∏ö‡∏ß‡πà‡∏≤ Jennie Blackpink ‡πÄ‡∏õ‡πá‡∏ô Presenter ‡∏≠‡∏∞‡∏Ñ‡πà‡∏∞‡∏ó‡∏∏‡∏Å‡∏Ñ‡πä‡∏ô‡∏ô‡∏ô #‡∏ô‡πâ‡∏≥‡∏´‡∏≠‡∏° #‡∏ß‡∏¥‡∏ò‡∏µ‡πÄ‡∏•‡∏∑‡∏≠‡∏Å‡∏ô‡πâ‡∏≥‡∏´‡∏≠‡∏° #‡∏£‡∏µ‡∏ß‡∏¥‡∏ß‡∏ô‡πâ‡∏≥‡∏´‡∏≠‡∏° #‡∏£‡∏µ‡∏ß‡∏¥‡∏ß‡∏ö‡∏¥‡∏ß‡∏ï‡∏µ‡πâ #‡∏ô‡πâ‡∏≥‡∏´‡∏≠‡∏°‡∏ï‡∏¥‡∏î‡∏ó‡∏ô #‡∏ô‡πâ‡∏≥‡∏´‡∏≠‡∏°‡∏ú‡∏π‡πâ‡∏ä‡∏≤‡∏¢ #‡∏ô‡πâ‡∏≥‡∏´‡∏≠‡∏°‡∏ú‡∏π‡πâ‡∏´‡∏ç‡∏¥‡∏á #perfume #perfumetiktok #lifestyle #tiktokbeauty #julesdoublev,th,1625,48600,434,0,780800,6974405545965519873,jules.doublev,#‡∏à‡∏∑‡∏≠ Double V ‡∏ô‡∏±‡∏Å‡∏≠‡∏≠‡∏Å‡πÅ‡∏ö‡∏ö‡∏ö‡πâ‡∏≤‡∏ô,CEO of Double V Space Interior Studioü™ê ‡πÅ‡∏ä‡∏£‡πå‡∏ä‡∏µ‡∏ß‡∏¥‡∏ï‡πÅ‡∏•‡∏∞‡∏°‡∏∏‡∏°‡∏°‡∏≠‡∏á‡∏ô‡∏±‡∏Å‡∏≠‡∏≠‡∏Å‡πÅ‡∏ö‡∏ö‡∏ï‡∏Å‡πÅ‡∏ï‡πà‡∏á‡∏†‡∏≤‡∏¢‡πÉ‡∏ô,False,293,https://www.tiktok.com/@jules.doublev
1,115300.0,3937.0,1500000.0,25000.0,136.0,60.0,‡∏Å‡∏•‡∏¥‡πà‡∏ô‡∏´‡∏°‡∏≤‡πÄ‡∏î‡πá‡∏Å‡πÑ‡∏ó‡∏ô‡∏µ‡πà‡πÅ‡∏ö‡∏•‡∏£‡πå‡πÅ‡∏£‡∏á‡πÄ‡∏≠‡∏≤‡πÄ‡∏£‡∏∑‡πà‡∏≠‡∏á! ‡∏â‡∏µ‡∏î‡πÄ‡∏™‡∏∑‡πâ‡∏≠‡πÅ‡∏•‡πâ‡∏ß‡∏ï‡∏¥‡∏î‡∏ó‡∏ô‡πÑ‡∏õ 2-3 ‡∏ß‡∏±‡∏ô‡πÄ‡∏•‡∏¢‡∏Ñ‡πà‡∏∞ ‡πÄ‡∏õ‡πá‡∏ô‡∏ô‡πâ‡∏≥‡∏´‡∏≠‡∏°‡∏Å‡∏•‡∏¥‡πà‡∏ô‡πÅ‡∏õ‡πâ‡∏á‡∏ó‡∏µ‡πà‡∏ï‡∏¥‡∏î‡∏ó‡∏ô‡πÅ‡∏ö‡∏ö‡∏Ç‡πâ‡∏≤‡∏°‡∏ß‡∏±‡∏ô #‡∏ö‡πâ‡∏≤‡∏ô‡∏Å‡∏π‡πä‡∏î #‡∏ô‡πâ‡∏≥‡∏´‡∏≠‡∏°‡∏ö‡πâ‡∏≤‡∏ô‡∏Å‡∏π‡πä‡∏î #‡∏ô‡πâ‡∏≥‡∏´‡∏≠‡∏°‡∏ï‡∏¥‡∏î‡∏ó‡∏ô #‡∏ô‡πâ‡πç‡∏≤‡∏´‡∏≠‡∏° #‡∏Å‡∏•‡∏¥‡πà‡∏ô‡∏´‡∏≠‡∏°‡∏•‡∏∞‡∏°‡∏∏‡∏ô #‡∏ô‡πâ‡πç‡∏≤‡∏´‡∏≠‡∏°‡∏Å‡∏•‡∏¥‡πà‡∏ô‡πÅ‡∏õ‡πâ‡∏á‡πÄ‡∏î‡πá‡∏Å #‡∏ô‡πâ‡∏≥‡∏´‡∏≠‡∏°‡∏Å‡∏•‡∏¥‡πà‡∏ô‡∏´‡∏°‡∏≤‡πÄ‡∏î‡πá‡∏Å‡πÑ‡∏ó‡∏ô‡∏µ‡πà‡πÅ‡∏ö‡∏•‡∏£‡πå,th,5752,73900,6,0,1300000,7256449268411630597,baangood_official,‡∏ô‡πâ‡∏≥‡∏´‡∏≠‡∏°‡∏ö‡πâ‡∏≤‡∏ô‡∏Å‡∏π‡πä‡∏î,CEO ‡∏ô‡πâ‡∏≥‡∏´‡∏≠‡∏°‡∏ö‡πâ‡∏≤‡∏ô‡∏Å‡∏π‡πä‡∏î ‡∏õ‡∏£‡∏∏‡∏á‡∏Å‡∏•‡∏¥‡πà‡∏ô‡∏ô‡πâ‡∏≥‡∏´‡∏≠‡∏°‡∏Ç‡∏∂‡πâ‡∏ô‡πÉ‡∏´‡∏°‡πà‡∏ó‡∏∏‡∏Å‡∏Å‡∏•‡∏¥‡πà‡∏ô ‡πÑ‡∏°‡πà‡∏ó‡∏≥‡∏ô‡πâ‡∏≥‡∏´‡∏≠‡∏°Dupe,False,900,https://www.tiktok.com/@baangood_official
1,722.0,49.0,24100.0,67.0,17.0,168.0,‡πÄ‡∏õ‡∏¥‡∏î‡∏Å‡∏£‡∏∏‡∏´‡πâ‡∏≠‡∏á‡∏™‡∏Å‡∏¥‡∏ô‡πÅ‡∏Ñ‡∏£‡πå,th,4546,242100,201,0,7700000,6853338283176444929,beauteiei,‡∏ö‡∏¥‡πâ‡∏ß‡∏ï‡∏µ‡πâ‡πÑ‡∏î‡∏≠‡∏≤‡∏£‡∏µ‡πà üíñ‚ú®,‡∏£‡∏±‡∏ö‡∏ú‡∏•‡∏¥‡∏ï‡∏™‡∏Å‡∏¥‡∏ô‡πÅ‡∏Ñ‡∏£‡πå‡πÄ‡∏Å‡∏≤‡∏´‡∏•‡∏µ @TheOneBeauty.Official ‡∏™‡∏Å‡∏¥‡∏ô‡πÅ‡∏Ñ‡∏£‡πå‡πÄ‡∏Å‡∏≤‡∏´‡∏•‡∏µ @beautyfaceth .,False,941,https://www.tiktok.com/@beauteiei
1,1803.0,21.0,151100.0,67.0,21.0,97.0,‡∏™‡∏Å‡∏¥‡∏ô‡πÅ‡∏Ñ‡∏£‡πå‡∏ó‡∏µ‡πà‡πÉ‡∏ä‡πâ‡πÅ‡∏•‡πâ‡∏ß‡πÑ‡∏°‡πà‡πÄ‡∏Ñ‡∏¢‡∏ô‡∏≠‡∏Å‡πÉ‡∏à!!,th,14400,739300,806,0,10700000,6721729765265523713,mintchymeow,Mintchymeow,Ô∏è‡∏ï‡∏¥‡∏î‡∏ï‡πà‡∏≠‡∏á‡∏≤‡∏ô/workonly ID line : mintchymeow,False,758,https://www.tiktok.com/@mintchymeow
1,31500.0,4035.0,503000.0,1284.0,491.0,41.0,‡∏ß‡∏¥‡∏ò‡∏µ Glow Up ‡πÅ‡∏ö‡∏ö‡∏ò‡∏£‡∏£‡∏°‡∏ä‡∏≤‡∏ï‡∏¥‡πÑ‡∏°‡πà‡πÉ‡∏ä‡πâ‡∏™‡∏Å‡∏¥‡∏ô‡πÅ‡∏Ñ‡∏£‡πå‡πÑ‡∏°‡πà‡πÉ‡∏ä‡πâ‡∏≠‡∏≤‡∏´‡∏≤‡∏£‡πÄ‡∏™‡∏£‡∏¥‡∏° #‡∏ô‡∏°‡∏î‡∏¥‡∏ö #looksmaxing #‡∏£‡∏≤‡∏Ç‡∏≤‡∏ô‡∏°‡∏î‡∏¥‡∏ö #‡∏õ‡∏•‡∏≤‡∏î‡∏¥‡∏ö,th,673,28700,32,0,1400000,7496787848882144263,wikrom_is_mtn,‡∏£‡∏≤‡∏ä‡∏≤‡∏ô‡∏°‡∏î‡∏¥‡∏ö,08 ‡∏Ñ‡∏ô‡πÑ‡∏ó‡∏¢‡πÅ‡∏ó‡πâ 100% Ig: Wikrom_mtn,False,47,https://www.tiktok.com/@wikrom_is_mtn
1,56.0,3.0,3740.0,7.0,3.0,26.0,Unbox ‡∏ô‡πâ‡∏≥‡∏´‡∏≠‡∏°‡∏Å‡∏•‡∏¥‡πà‡∏ô‡πÉ‡∏´‡∏°‡πà‡∏Ç‡∏≠‡∏á‡∏£‡πâ‡∏≤‡∏ô‡∏Å‡∏±‡∏ô‡∏Ñ‡πà‡∏∞ ‡πÉ‡∏Ñ‡∏£‡∏≠‡∏¢‡∏≤‡∏Å‡∏ï‡∏±‡∏ß‡∏´‡∏≠‡∏°‡πÅ‡∏ö‡∏ö‡∏î‡∏≤‡∏£‡∏≤‡∏™‡∏≤‡∏ß‡πÄ‡∏à‡∏ì‡∏¥‡∏™‡∏ï‡∏≤ ‡∏û‡∏¥‡∏Å‡∏±‡∏î‡πÉ‡∏ô‡∏Ñ‡∏≠‡∏°‡πÄ‡∏°‡πâ‡∏ô‡πÄ‡∏•‡∏¢ #‡∏ô‡πâ‡∏≥‡∏´‡∏≠‡∏°‡πÅ‡∏ö‡πà‡∏á‡∏Ç‡∏≤‡∏¢ #‡∏ô‡πâ‡∏≥‡∏´‡∏≠‡∏°‡πÄ‡∏à‡∏ô‡∏¥‡∏™ #‡∏£‡∏µ‡∏ß‡∏¥‡∏ß‡∏ô‡πâ‡πç‡∏≤‡∏´‡∏≠‡∏°,th,4129,13200,440,0,68100,6541956071248920577,sniffperfume,sniff perfume ‡∏ô‡πâ‡∏≥‡∏´‡∏≠‡∏°‡πÅ‡∏ó‡πâ‡πÅ‡∏ö‡πà‡∏á‡∏Ç‡∏≤‡∏¢,‡∏ô‡πâ‡∏≥‡∏´‡∏≠‡∏°‡πÅ‡∏ó‡πâ‡πÅ‡∏ö‡πà‡∏á‡∏Ç‡∏≤‡∏¢ ‚ÄºÔ∏è‡∏Ç‡∏≠‡∏á‡πÅ‡∏ó‡πâ‚ÄºÔ∏è @736mbpad << ‡∏£‡∏≤‡∏Ñ‡∏≤‡∏î‡∏µ‡∏Å‡∏ß‡πà‡∏≤‡πÉ‡∏ô‡∏ï‡∏ï ‡∏≠‡πà‡∏≤‡∏á‡∏®‡∏¥‡∏•‡∏≤-‡∏ö‡∏≤‡∏á‡πÅ‡∏™‡∏ô ‡πÅ‡∏°‡∏™‡πÑ‡∏î‡πâ,False,117,https://www.tiktok.com/@sniffperfume
2,239.5,254.0,20950.0,99.5,7.0,69.0,‡∏ô‡πâ‡∏≥‡∏´‡∏≠‡∏°‡∏Ç‡∏ß‡∏î‡∏ö‡∏≤‡∏á‡∏ó‡∏µ‡πà‡∏™‡∏∏‡∏î‡πÉ‡∏ô‡πÇ‡∏•‡∏Å ‡∏≠‡∏≠‡∏Å‡∏£‡∏∏‡πà‡∏ô‡πÉ‡∏´‡∏°‡πà‡πÅ‡∏•‡πâ‡∏ß ‡∏Å‡∏•‡∏¥‡πà‡∏ô‡πÄ‡∏õ‡πá‡∏ô‡∏¢‡∏±‡∏á‡πÑ‡∏á‡∏ô‡πâ‡∏≤‡∏≤ #‡∏£‡πâ‡∏≤‡∏ô‡πÇ‡∏≠‡πÄ‡∏•‡πà #‡∏£‡∏µ‡∏ß‡∏¥‡∏ß‡∏ô‡πâ‡πç‡∏≤‡∏´‡∏≠‡∏° #perfumetiktok #‡∏ô‡πâ‡πç‡∏≤‡∏´‡∏≠‡∏°‡πÄ‡∏Ñ‡∏≤‡∏ï‡πå‡πÄ‡∏ï‡∏≠‡∏£‡πå‡πÅ‡∏ö‡∏£‡∏ô‡∏î‡πå‡πÅ‡∏ó‡πâ #lancome #idolenow #‡∏ô‡πâ‡πç‡∏≤‡∏´‡∏≠‡∏°‡πÅ‡∏ö‡∏£‡∏ô‡πÅ‡∏ó‡πâ ‡∏ï‡∏≠‡∏ö‡∏Å‡∏•‡∏±‡∏ö @‡∏®‡∏¥‡∏£‡∏¥‡∏ß‡∏£‡∏£‡∏ì ‡∏Ç‡∏≤‡∏ß‡∏û‡∏∏‡πà‡∏° ‡∏ô‡πâ‡∏≥‡∏´‡∏≠‡∏°‡πÄ‡∏î‡πá‡∏Å‡∏°‡∏±‡∏ò‡∏¢‡∏°‡∏ß‡∏±‡∏¢‡πÉ‡∏™ ‡∏Ñ‡∏¥‡∏Ç‡∏∏ ‡∏à‡∏∏‡πä ‡∏ö‡∏∏ ‡∏à‡∏∏‡πä ‡∏ö‡∏∏ ‡∏à‡∏∏‡πä‡∏ö‡πÜ #perfumetiktok #perfume #fragrance #‡∏£‡∏µ‡∏ß‡∏¥‡∏ß‡∏ö‡∏¥‡∏ß‡∏ï‡∏µ‡πâ #‡∏£‡∏µ‡∏ß‡∏¥‡∏ß‡∏ô‡πâ‡πç‡∏≤‡∏´‡∏≠‡∏° #newperfume2024 #‡∏Ñ‡∏•‡∏≤‡∏™‡πÅ‡∏ü‡∏ô‡∏ä‡∏±‡πà‡∏ô #‡∏£‡∏µ‡∏ß‡∏¥‡∏ß‡∏ö‡∏¥‡∏ß‡∏ï‡∏µ‡πâ #‡∏ô‡πâ‡πç‡∏≤‡∏´‡∏≠‡∏° #‡∏£‡∏µ‡∏ß‡∏¥‡∏ß‡∏ö‡∏¥‡∏ß‡∏ï‡∏µ‡πâ‡πÉ‡∏ôtiktok #‡∏•‡∏π‡∏Å‡∏Ñ‡∏∏‡∏ì‡∏´‡∏ô‡∏π,th,49300,99000,73,0,1900000,6912101353256420354,phitthayat,‡πÇ‡∏•‡∏Å‡∏Ç‡∏≠‡∏á‡πÇ‡∏≠‡πÄ‡∏•‡πÄ‡∏•‡πà.,‚ÄºÔ∏è‡∏¢‡πâ‡∏≤‡∏¢‡πÑ‡∏õ‡πÑ‡∏•‡∏ü‡πå‡∏ä‡πà‡∏≠‡∏á‡∏™‡∏≥‡∏£‡∏≠‡∏á‡∏ó‡∏∏‡∏Å‡∏ß‡∏±‡∏ô‚ÄºÔ∏è ‡πÅ‡∏ö‡πà‡∏á‡∏Ç‡∏≤‡∏¢‡∏ô‡πâ‡∏≥‡∏´‡∏≠‡∏°‡πÅ‡∏ó‡πâ ‡∏Å‡∏î‡∏ï‡∏£‡∏á‡∏•‡∏¥‡∏á‡∏Ñ‡πå‡πÇ‡∏õ‡∏£‡πÄ‡∏û‡∏µ‡∏¢‡∏ö,False,110,https://www.tiktok.com/@phitthayat
1,15500.0,215.0,157600.0,290.0,33.0,117.0,Unbox ‡∏ô‡πâ‡∏≥‡∏´‡∏≠‡∏°‡∏Å‡∏•‡∏¥‡πà‡∏ô‡πÉ‡∏´‡∏°‡πà‡∏à‡∏≤‡∏Å @Cartier D√©claration #CartierParfums,th,3080,1000000,70,0,59600000,6810600392691778562,taninsr,TaninS,COO @bondi jelly @bonnana (‡∏ö‡∏≠‡∏ô‡∏ô‡∏≤‡∏ô‡πà‡∏≤) Ô∏è IG @taninsr / YouTube: TaninS,False,888,https://www.tiktok.com/@taninsr
1,42.0,3.0,6455.0,2.0,3.0,47.0,Unboxing ‡∏ô‡πâ‡∏≥‡∏´‡∏≠‡∏°‡∏Ç‡∏ß‡∏î‡πÉ‡∏´‡∏°‡πà ‡∏ô‡πâ‡∏≥‡∏´‡∏≠‡∏°‡∏Ç‡∏≠‡∏á MCM ‡∏´‡∏≠‡∏°‡∏°‡∏≤‡∏Å‡∏Å‡∏Å!! ##‡∏ô‡πâ‡πç‡∏≤‡∏´‡∏≠‡∏° ##unboxing ##‡∏î‡∏π‡πÅ‡∏•‡∏ï‡∏±‡∏ß‡πÄ‡∏≠‡∏á ##tiktok‡∏Ñ‡∏£‡∏µ‡πÄ‡∏≠‡πÄ‡∏ï‡∏≠‡∏£‡πå ##‡∏£‡∏µ‡∏ß‡∏¥‡∏ß‡πÉ‡∏ä‡πâ‡∏î‡∏µ‡∏ö‡∏≠‡∏Å‡∏ï‡πà‡∏≠@@‡∏ï‡∏±‡∏ß‡∏°‡∏±‡∏°‡∏™‡∏Å‡∏¥‡∏ô‡πÅ‡∏Ñ‡∏£‡πå,th,3619,232,27,0,4048,7021760329433482241,tuamom.review,‡∏ï‡∏±‡∏ß‡∏°‡∏±‡∏°‡∏°‡∏≤‡∏£‡∏µ‡∏ß‡∏¥‡∏ß,‡∏™‡∏±‡πà‡∏á‡∏™‡∏¥‡∏ô‡∏Ñ‡πâ‡∏≤‡∏Å‡∏î‡∏ó‡∏µ‡πà‡∏ï‡∏∞‡∏Å‡∏£‡πâ‡∏≤‡∏´‡∏ô‡πâ‡∏≤‡∏ä‡πà‡∏≠‡∏á‡∏ô‡∏∞‡∏Ñ‡∏∞ ‡∏´‡πâ‡∏≤‡∏°‡∏î‡∏π‡∏î‡∏Ñ‡∏•‡∏¥‡∏õ‡πÄ‡∏à‡∏≠‡∏õ‡∏£‡∏±‡∏ö30000,False,180,https://www.tiktok.com/@tuamom.review
1,1826.0,85.0,36800.0,334.0,23.0,17.0,‡∏£‡∏π‡∏ó‡∏µ‡∏ô‡∏™‡∏¥‡∏ß‡∏î‡πâ‡∏ß‡∏¢‡∏Ñ‡∏£‡∏µ‡∏°‡∏ã‡∏≠‡∏á... #clearnose #‡πÄ‡∏Ñ‡∏•‡∏µ‡∏¢‡∏£‡πå‡πÇ‡∏ô‡∏™ #acne #‡∏•‡∏î‡∏™‡∏¥‡∏ß #‡∏™‡∏Å‡∏¥‡∏ô‡πÅ‡∏Ñ‡∏£‡πå #‡∏£‡∏µ‡∏ß‡∏¥‡∏ß‡∏™‡∏Å‡∏¥‡∏ô‡πÅ‡∏Ñ‡∏£‡πå #‡∏£‡∏µ‡∏ß‡∏¥‡∏ß‡∏ö‡∏¥‡∏ß‡∏ï‡∏µ‡πâ,th,5417,25000,14,0,149000,7261670729828320261,patzreview,·¥æ·¥¨·µÄ·∂ª‚óûÀö(‡πÅ‡∏û‡∏ó~),‚àû LIVE : ‡πÄ‡∏Ñ‡∏•‡∏µ‡∏¢‡∏£‡πå‡πÇ‡∏ô‡∏™(‡πÇ‡∏õ‡∏£‡∏û‡∏¥‡πÄ‡∏®‡∏©) ‡∏£‡∏µ‡∏ß‡∏¥‡∏ß : ‡∏™‡∏Å‡∏¥‡∏ô‡πÅ‡∏Ñ‡∏£‡πå / ‡∏Ñ‡∏™‡∏≠. Ô∏è ‡∏´‡πâ‡∏≤‡∏°‡∏ô‡∏≥‡∏Ñ‡∏•‡∏¥‡∏õ/‡πÄ‡∏™‡∏µ‡∏¢‡∏á/LIVE‡πÑ‡∏õ‡πÉ‡∏ä‡πâ ‡πÄ‡∏à‡∏≠‡∏û‡∏≤‡πÑ‡∏õ‡∏ï‡∏¥‡∏î‡∏Ñ‡∏∏‡∏Å Ô∏è ‚àû,False,629,https://www.tiktok.com/@patzreview
3,7690.333333333333,283.3333333333333,173400.0,3305.6666666666665,77.0,136.66666666666666,‡∏ï‡∏≠‡∏ö‡∏Å‡∏•‡∏±‡∏ö @Von Von ‡∏£‡∏ß‡∏°‡∏°‡∏≤‡πÉ‡∏´‡πâ‡∏ó‡∏±‡πâ‡∏á‡∏£‡∏π‡∏ó‡∏µ‡∏ô‡∏™‡∏≥‡∏´‡∏£‡∏±‡∏ö‡∏Ñ‡∏ô‡πÄ‡∏õ‡πá‡∏ô‡πÄ‡∏ã‡∏õ‡πÄ‡∏î‡∏¥‡∏£‡πå‡∏°‡πÅ‡∏•‡∏∞‡∏ú‡∏¥‡∏ß‡∏ö‡∏≠‡∏ö‡∏ö‡∏≤‡∏á‡πÅ‡∏û‡πâ‡∏á‡πà‡∏≤‡∏¢‡πÄ‡∏•‡∏¢‡∏Ñ‡πà‡∏∞ #‡∏£‡∏µ‡∏ß‡∏¥‡∏ß‡∏ö‡∏¥‡∏ß‡∏ï‡∏µ‡πâ #‡πÄ‡∏£‡∏∑‡πà‡∏≠‡∏á‡∏ú‡∏¥‡∏ß #‡∏™‡∏Å‡∏¥‡∏ô‡πÅ‡∏Ñ‡∏£‡πå‡∏£‡∏π‡∏ó‡∏µ‡∏ô‡∏Å‡∏±‡∏ö‡∏û‡∏µ‡πà‡∏ô‡πâ‡∏≥‡πÄ‡∏ü‡∏£‡∏ô‡∏•‡∏µ‡πà #‡∏™‡∏Å‡∏¥‡∏ô‡πÅ‡∏Ñ‡∏£‡πå‡∏£‡∏π‡∏ó‡∏µ‡∏ô #‡∏´‡∏°‡∏≠‡∏ô‡πâ‡πç‡∏≤‡πÄ‡∏ü‡∏£‡∏ô‡∏•‡∏µ‡πà #‡πÄ‡∏ã‡∏õ‡πÄ‡∏î‡∏¥‡∏£‡πå‡∏° ‡∏ï‡∏≠‡∏ö‡∏Å‡∏•‡∏±‡∏ö @Jaogamskin ‡∏°‡∏≤‡πÅ‡∏•‡πâ‡∏ß‡∏Ñ‡πà‡∏∞ ‡∏£‡∏π‡∏ó‡∏µ‡∏ô‡∏™‡∏≥‡∏´‡∏£‡∏±‡∏ö‡∏ú‡∏¥‡∏ß‡πÅ‡∏´‡πâ‡∏á‡πÅ‡∏ï‡πà‡∏≠‡∏∏‡∏î‡∏ï‡∏±‡∏ô‡∏á‡πà‡∏≤‡∏¢ ‡πÄ‡∏õ‡πá‡∏ô‡πÄ‡∏û‡∏µ‡∏¢‡∏á‡∏ï‡∏±‡∏ß‡∏≠‡∏¢‡πà‡∏≤‡∏á‡∏™‡∏Å‡∏¥‡∏ô‡πÅ‡∏Ñ‡∏£‡πå‡πÄ‡∏û‡∏∑‡πà‡∏≠‡πÄ‡∏õ‡πá‡∏ô‡πÅ‡∏ô‡∏ß‡∏ó‡∏≤‡∏á‡πÉ‡∏ô‡∏Å‡∏≤‡∏£‡πÄ‡∏•‡∏∑‡∏≠‡∏Å‡∏™‡∏Å‡∏¥‡∏ô‡πÅ‡∏Ñ‡∏£‡πå‡πÉ‡∏´‡πâ‡πÄ‡∏Å‡πà‡∏á‡∏Ç‡∏∂‡πâ‡∏ô‡πÅ‡∏•‡∏∞‡πÄ‡∏´‡∏°‡∏≤‡∏∞‡∏™‡∏°‡∏Å‡∏±‡∏ö‡∏ï‡∏±‡∏ß‡πÄ‡∏≠‡∏á ‡∏ï‡∏≤‡∏°‡∏á‡∏ö‡πÑ‡∏î‡πâ‡πÄ‡∏•‡∏¢‡∏ô‡πâ‡∏≤ #‡∏£‡∏µ‡∏ß‡∏¥‡∏ß‡∏ö‡∏¥‡∏ß‡∏ï‡∏µ‡πâ #‡πÄ‡∏£‡∏∑‡πà‡∏≠‡∏á‡∏ú‡∏¥‡∏ß #‡∏°‡∏≠‡∏¢‡∏™‡πå‡πÄ‡∏à‡∏≠‡πÑ‡∏£‡πÄ‡∏ã‡∏≠‡∏£‡πå #‡∏™‡∏Å‡∏¥‡∏ô‡πÅ‡∏Ñ‡∏£‡πå‡∏£‡∏π‡∏ó‡∏µ‡∏ô‡∏Å‡∏±‡∏ö‡∏û‡∏µ‡πà‡∏ô‡πâ‡∏≥‡πÄ‡∏ü‡∏£‡∏ô‡∏•‡∏µ‡πà #‡∏´‡∏°‡∏≠‡∏ô‡πâ‡πç‡∏≤‡πÄ‡∏ü‡∏£‡∏ô‡∏•‡∏µ‡πà #‡∏ú‡∏¥‡∏ß‡πÅ‡∏´‡πâ‡∏á ‡πÄ‡∏û‡∏£‡∏≤‡∏∞‡∏£‡∏±‡∏Å‡∏´‡∏£‡∏≠‡∏Å‡∏ô‡∏∞! ‡∏ñ‡∏∂‡∏á‡∏à‡∏±‡∏î‡∏£‡∏π‡∏ó‡∏µ‡∏ô‡∏°‡∏≤‡πÉ‡∏´‡πâ ‡∏•‡∏≠‡∏á‡∏î‡∏π‡∏£‡∏π‡∏ó‡∏µ‡∏ô‡∏á‡πà‡∏≤‡∏¢‡πÜ‡∏™‡∏≥‡∏´‡∏£‡∏±‡∏ö‡∏Ñ‡∏ô‡πÄ‡∏õ‡πá‡∏ô‡∏™‡∏¥‡∏ß ‡∏ú‡∏¥‡∏ß‡∏°‡∏±‡∏ô‡∏à‡∏≤‡∏Å‡∏Ñ‡∏£‡∏µ‡∏°‡∏ã‡∏≠‡∏á‡πÉ‡∏ô‡πÄ‡∏ã‡πÄ‡∏ß‡πà‡∏ô‡∏Ñ‡πà‡∏≤ ‡∏ú‡∏•‡∏•‡∏±‡∏û‡∏ò‡πå‡∏Ç‡∏∂‡πâ‡∏ô‡∏≠‡∏¢‡∏π‡πà‡∏Å‡∏±‡∏ö‡πÅ‡∏ï‡πà‡∏•‡∏∞‡∏ö‡∏∏‡∏Ñ‡∏Ñ‡∏• #‡πÄ‡∏£‡∏∑‡πà‡∏≠‡∏á‡∏ú‡∏¥‡∏ß #‡∏£‡∏µ‡∏ß‡∏¥‡∏ß‡∏ö‡∏¥‡∏ß‡∏ï‡∏µ‡πâ #‡∏£‡∏±‡∏Å‡∏©‡∏≤‡∏™‡∏¥‡∏ß #‡∏´‡∏°‡∏≠‡∏ô‡πâ‡∏≥‡πÄ‡∏ü‡∏£‡∏ô‡∏•‡∏µ‡πà #tiktokuni #tiktok‡∏õ‡πâ‡∏≤‡∏¢‡∏¢‡∏≤ #‡∏™‡∏¥‡∏ß‡∏à‡∏≤‡∏Å‡πÅ‡∏°‡∏™ #‡∏£‡∏±‡∏Å‡∏©‡∏≤‡∏™‡∏¥‡∏ß‡∏î‡πâ‡∏ß‡∏¢‡∏ï‡∏±‡∏ß‡πÄ‡∏≠‡∏á #‡∏Ñ‡∏£‡∏µ‡∏°‡∏ã‡∏≠‡∏á‡πÄ‡∏ã‡πÄ‡∏ß‡πà‡∏ô,th,9798,192400,350,0,7200000,6852690066785010690,drnoramon,‡∏û‡∏µ‡πà‡∏ô‡πâ‡∏≥‡πÄ‡∏ü‡∏£‡∏ô‡∏•‡∏µ‡πà ü§≠,Skin&Skincare/Lifestyle/Beauty ‡πÅ‡∏ö‡∏ö‡∏à‡∏£‡∏¥‡∏á‡πÉ‡∏à ‡∏ï‡∏¥‡∏î‡∏ï‡πà‡∏≠‡∏á‡∏≤‡∏ô Line:@drnoramon,False,1548,https://www.tiktok.com/@drnoramon
1,1292.0,49.0,253000.0,709.0,30.0,47.0,‡∏´‡∏ô‡πâ‡∏≤‡πÄ‡∏ô‡∏µ‡∏¢‡∏ô‡∏Å‡∏£‡∏¥‡∏ö‡πÑ‡∏°‡πà‡∏ï‡πâ‡∏≠‡∏á‡∏û‡∏∂‡πà‡∏á‡∏´‡∏±‡∏ï‡∏ñ‡∏Å‡∏≤‡∏£ No Spon ‡∏Ñ‡∏±‡∏î‡∏°‡∏≤‡πÉ‡∏´‡πâ‡πÅ‡∏•‡πâ‡∏ß #‡∏£‡∏µ‡∏ß‡∏¥‡∏ß‡∏™‡∏Å‡∏¥‡∏ô‡πÅ‡∏Ñ‡∏£‡πå #‡πÇ‡∏ô‡∏™‡∏õ‡∏≠‡∏ô#‡∏™‡∏Å‡∏¥‡∏ô‡πÅ‡∏Ñ‡∏£‡πå#‡∏ú‡∏•‡∏¥‡∏ï‡∏†‡∏±‡∏ì‡∏ë‡πå‡∏î‡∏π‡πÅ‡∏•‡∏ú‡∏¥‡∏ß#‡∏™‡∏Å‡∏¥‡∏ô‡πÅ‡∏Ñ‡∏£‡πå‡∏£‡∏π‡∏ó‡∏µ‡∏ô,th,4575,101900,437,0,1400000,6565706039726735361,handzz__,‡πÅ‡∏Æ‡πâ‡∏ô‡∏ô‡∏ô,work for line: handdd. (‡∏°‡∏µ‡∏à‡∏∏‡∏î),False,293,https://www.tiktok.com/@handzz__
1,522.0,26.0,36500.0,115.0,3.0,85.0,‡∏™‡∏Å‡∏¥‡∏ô‡πÅ‡∏Ñ‡∏£‡πå‡πÅ‡∏ö‡∏£‡∏ô‡∏î‡πå‡πÄ‡∏Å‡∏≤‡∏´‡∏•‡∏µ‡∏£‡∏≤‡∏Ñ‡∏≤‡∏ô‡πà‡∏≤‡∏£‡∏±‡∏Å ‡∏ó‡∏≥‡∏Ñ‡∏£‡∏ö‡∏£‡∏π‡∏ó‡∏µ‡∏ô‡πÅ‡∏•‡πâ‡∏ß‡∏ú‡∏¥‡∏ß‡∏â‡πà‡∏≥‡∏°‡∏≤‡∏Å‡∏Å‡∏Å ‡πÅ‡∏ö‡∏£‡∏ô‡∏î‡πå APLB ‡πÄ‡∏•‡∏¢‡∏¢‡∏¢ ‡πÉ‡∏ô‡πÑ‡∏ó‡∏¢‡∏°‡∏µ official store ‡πÉ‡∏ô‡πÅ‡∏≠‡∏õ‡∏™‡πâ‡∏°‡∏Ñ‡∏±‡∏ö‡∏ö #A#APLBA#APLBThailand‡πÄ#‡πÄ‡∏ã‡∏£‡∏±‡πà‡∏°‡πÄ‡∏Å‡∏≤‡∏´‡∏•‡∏µ‡∏™#‡∏™‡∏Å‡∏¥‡∏ô‡πÅ‡∏Ñ‡∏£‡πå‡πÄ‡∏Å‡∏≤‡∏´‡∏•‡∏µ‡∏£‡∏µ‡∏ß‡∏¥‡∏ß‡∏™‡∏Å‡∏¥‡∏ô‡πÅ‡∏Ñ‡∏£‡πå,th,17000,389200,158,0,11400000,102984142140723200,babyjingko,babyjingko.,meet me on ig&yt @babyjingko babyjingko.work@gmail.com :,False,302,https://www.tiktok.com/@babyjingko
1,2680.0,368.0,102900.0,915.0,52.0,66.0,‡∏™‡∏Å‡∏¥‡∏ô‡πÅ‡∏Ñ‡∏£‡πå‡∏£‡∏π‡∏ó‡∏µ‡∏ô ‡∏•‡∏î‡∏ù‡πâ‡∏≤‡πÅ‡∏î‡∏î ‡∏à‡∏∏‡∏î‡∏î‡πà‡∏≤‡∏á‡∏î‡∏≥ ‡∏õ‡∏£‡∏±‡∏ö‡πÅ‡∏Ñ‡πà‡∏ô‡∏µ‡πâ ‡∏ú‡∏¥‡∏ß‡∏î‡∏µ‡∏Ç‡∏∂‡πâ‡∏ô‡πÅ‡∏ô‡πà‡∏ô‡∏≠‡∏ô!,th,75300,625900,1418,0,30100000,6813748846566016002,echopwt,Echopwt,"Skincare | Makeup | Lifestyle Dry skin ,PC: Bright Winter ‡∏ï‡∏¥‡∏î‡∏ï‡πà‡∏≠‡∏á‡∏≤‡∏ô‡πÑ‡∏•‡∏ô‡πå @echopwt",False,3602,https://www.tiktok.com/@echopwt
1,15700.0,746.0,169500.0,4263.0,61.0,386.0,‡πÅ‡∏ä‡∏£‡πå‡∏™‡∏Å‡∏¥‡∏ô‡πÅ‡∏Ñ‡∏£‡πå‡∏ó‡∏µ‡πà‡πÉ‡∏ä‡πâ‡∏£‡∏±‡∏Å‡∏©‡∏≤‡∏™‡∏¥‡∏ß‡πÄ‡∏≠‡∏á #‡∏£‡∏±‡∏Å‡∏©‡∏≤‡∏™‡∏¥‡∏ß‡∏î‡πâ‡∏ß‡∏¢‡∏ï‡∏±‡∏ß‡πÄ‡∏≠‡∏á #‡∏£‡∏µ‡∏ß‡∏¥‡∏ß‡∏ö‡∏¥‡∏ß‡∏ï‡∏µ‡πâ #tiktok‡∏ö‡∏¥‡∏ß‡∏ï‡∏µ‡πâ #skincareroutine #‡∏£‡∏µ‡∏ß‡∏¥‡∏ß‡∏™‡∏Å‡∏¥‡∏ô‡πÅ‡∏Ñ‡∏£‡πå #‡πÉ‡∏ä‡πâ‡∏î‡∏µ‡∏ö‡∏≠‡∏Å‡∏ï‡πà‡∏≠ #fpy @mmaysaa,th,108,2867,35,0,250100,7486165224182350864,piamaysa,‡πÄ‡∏õ‡∏µ‡∏¢‡∏à‡∏∞‡∏ö‡∏≠‡∏Å‡πÉ‡∏´‡πâ‡∏ü‡∏±‡∏á,For work : @916dxbfb,False,58,https://www.tiktok.com/@piamaysa
1,9553.0,646.0,250300.0,2176.0,61.0,76.0,‡∏£‡∏µ‡∏ß‡∏¥‡∏ß‡∏ô‡πâ‡∏≥‡∏´‡∏≠‡∏°‡∏•‡∏π‡∏Å‡∏Ñ‡∏∏‡∏ì ‡∏•‡∏π‡∏Å‡∏£‡∏±‡∏Å‡∏Ñ‡∏ô‡πÉ‡∏´‡∏°‡πà‡∏Ç‡∏≠‡∏á‡πÅ‡∏õ‡∏° #‡∏£‡∏µ‡∏ß‡∏¥‡∏ß‡∏ô‡πâ‡πç‡∏≤‡∏´‡∏≠‡∏° #‡∏ô‡πâ‡πç‡∏≤‡∏´‡∏≠‡∏° #‡∏ô‡πâ‡πç‡∏≤‡∏´‡∏≠‡∏°‡∏ï‡∏¥‡∏î‡∏ó‡∏ô #‡∏ô‡πâ‡πç‡∏≤‡∏´‡∏≠‡∏°‡∏•‡∏π‡∏Å‡∏Ñ‡∏∏‡∏ì‡∏´‡∏ô‡∏π #‡∏ô‡πâ‡πç‡∏≤‡∏´‡∏≠‡∏°‡∏ú‡∏π‡πâ‡∏´‡∏ç‡∏¥‡∏á #‡πÄ‡∏•‡∏≠‡∏•‡∏≤‡πÇ‡∏ö #lelabo #emsphere,th,4366,17900,304,0,863100,6807255361155236865,lallapamm,‡∏•‡∏±‡∏•‡∏•‡∏≤‡πÅ‡∏õ‡∏°,Lifestyle | Foodie | Travel ‡πÅ‡∏õ‡∏°‡πÅ‡∏õ‡∏° Ig: lallapam ‡∏ï‡∏¥‡∏î‡∏ï‡πà‡∏≠‡∏á‡∏≤‡∏ô‡∏£‡∏ö‡∏Å‡∏ß‡∏ô DM IG,False,414,https://www.tiktok.com/@lallapamm
2,9845.0,206.5,307450.0,1918.0,33.5,67.0,‡∏õ‡πâ‡∏≤‡∏¢‡∏¢‡∏≤‡∏ô‡πâ‡∏≥‡∏´‡∏≠‡∏°‡∏•‡∏π‡∏Å‡∏Ñ‡∏∏‡∏ì‡∏´‡∏ô‡∏π ‡∏£‡∏±‡∏Å‡∏°‡∏≤‡∏Å‡∏Å‡∏Å‡∏â‡∏µ‡∏î‡∏•‡πà‡∏≠‡∏¢‡∏™‡∏∏‡∏î! #‡πÅ‡∏û‡∏£‡∏°‡∏≤‡∏£‡∏µ‡∏ß‡∏¥‡∏ß #‡∏£‡∏µ‡∏ß‡∏¥‡∏ß‡∏ô‡πâ‡πç‡∏≤‡∏´‡∏≠‡∏° #fyp„Ç∑ ‡∏Å‡∏•‡∏¥‡πà‡∏ô‡∏ï‡∏±‡∏ß‡∏•‡∏π‡∏Å‡∏£‡∏±‡∏Å‡∏û‡∏£‡∏∞‡πÄ‡∏à‡πâ‡∏≤‚åõÔ∏è #‡πÅ‡∏û‡∏£‡∏°‡∏≤‡∏£‡∏µ‡∏ß‡∏¥‡∏ß #‡∏ô‡πâ‡πç‡∏≤‡∏´‡∏≠‡∏° #selfcare #women,th,41400,194800,74,0,11900000,73499899981,ppairwps,‡πÄ‡∏£‡∏µ‡∏¢‡∏Å‡πÅ‡∏û‡∏£‡∏´‡∏°‡∏ß‡∏¢,‡∏ï‡∏¥‡∏î‡∏ï‡πà‡∏≠‡∏á‡∏≤‡∏ô line@189tqxma,False,1776,https://www.tiktok.com/@ppairwps
1,123.0,5.0,10100.0,18.0,4.0,30.0,‡∏£‡∏µ‡∏ß‡∏¥‡∏ß‡∏Å‡∏•‡∏¥‡πà‡∏ô‡∏ô‡πâ‡∏≠‡∏á‡∏Ñ‡∏ô‡∏™‡∏ß‡∏¢‡∏¢‡∏¢ ‡πÉ‡∏Ñ‡∏£‡∏ä‡∏≠‡∏ö‡∏Å‡∏•‡∏¥‡πà‡∏ô‡∏Ñ‡∏∏‡∏ì‡∏´‡∏ô‡∏π‡∏Ç‡∏ß‡∏î‡∏ô‡∏µ‡πâ‡∏´‡πâ‡∏≤‡∏°‡∏û‡∏•‡∏≤‡∏î My Burberry Blush #thirdviewscent #‡∏ô‡πâ‡πç‡∏≤‡∏´‡∏≠‡∏° #‡∏ô‡πâ‡∏≥‡∏´‡∏≠‡∏°‡πÅ‡∏ö‡πà‡∏á‡πÅ‡∏ó‡πâ #‡∏£‡∏µ‡∏ß‡∏¥‡∏ß‡∏ô‡πâ‡πç‡∏≤‡∏´‡∏≠‡∏° #‡∏ô‡πâ‡∏≥‡∏´‡∏≠‡∏°‡∏ú‡∏π‡πâ‡∏´‡∏ç‡∏¥‡∏á,th,150,6203,15,0,16100,7478548151751164936,thirdviewscentv2,‡∏Ç‡∏ß‡∏î‡∏Ñ‡∏ß‡∏≤‡∏°‡∏´‡∏≠‡∏° ThirdView Scent,‡∏ä‡πà‡∏≠‡∏á‡∏™‡∏≥‡∏£‡∏≠‡∏á ‡∏™‡∏ô‡πÉ‡∏à‡∏ô‡πâ‡∏≥‡∏´‡∏≠‡∏°‡πÉ‡∏ô‡∏ï‡∏∞‡∏Å‡∏£‡πâ‡∏≤ ‡∏ä‡πà‡∏≠‡∏á‡∏ó‡∏≤‡∏á‡∏Å‡∏≤‡∏£‡∏ï‡∏¥‡∏î‡∏ï‡∏≤‡∏°,False,63,https://www.tiktok.com/@thirdviewscentv2
1,1913.0,404.0,159700.0,588.0,28.0,31.0,Chanel Chance eau Tendre EDP ‡∏´‡∏≠‡∏°‡∏Ñ‡∏∏‡∏ì‡∏´‡∏ô‡∏π ‡∏ô‡πà‡∏≤‡∏£‡∏±‡∏Å ‡∏™‡∏î‡πÉ‡∏™ ‡πÅ‡∏ï‡πà‡πÄ‡∏£‡∏µ‡∏¢‡∏ö‡∏´‡∏£‡∏π‡∏î‡∏π‡πÅ‡∏û‡∏á #‡∏£‡∏µ‡∏ß‡∏¥‡∏ß #‡∏£‡∏µ‡∏ß‡∏¥‡∏ß‡∏ô‡πâ‡πç‡∏≤‡∏´‡∏≠‡∏° #‡∏ô‡πâ‡∏≥‡∏´‡∏≠‡∏° #‡∏ô‡πâ‡∏≥‡∏´‡∏≠‡∏°‡πÅ‡∏ö‡πà‡∏á‡∏Ç‡∏≤‡∏¢,th,12700,51600,6,0,531400,6936986746481034241,perfume.th,Perfume.TH,‡πÅ‡∏ö‡πà‡∏á‡∏Ç‡∏≤‡∏¢‡∏ô‡πâ‡∏≥‡∏´‡∏≠‡∏° | unbox üÜî : @132ulyju (‡∏°‡∏µ@),False,194,https://www.tiktok.com/@perfume.th
1,258.0,9.0,12800.0,95.0,7.0,88.0,‡πÄ‡∏õ‡∏¥‡∏î‡∏Å‡∏£‡∏∏‡∏ô‡πâ‡∏≥‡∏´‡∏≠‡∏°‡∏•‡∏π‡∏Å‡∏Ñ‡∏∏‡∏ì‡∏´‡∏ô‡∏π #‡∏£‡∏µ‡∏ß‡∏¥‡∏ß‡∏ô‡πâ‡πç‡∏≤‡∏´‡∏≠‡∏° #‡∏ô‡πâ‡πç‡∏≤‡∏´‡∏≠‡∏° #dior #chole #chlo√© #burberry#burberryyher #‡∏£‡∏µ‡∏ß‡∏¥‡∏ß‡∏ö‡∏¥‡∏ß‡∏ï‡∏µ‡πâ,th,19400,6920,172,0,86600,7097534151142917147,ccheries__,‡πÄ‡∏ä‡∏≠‡∏£‡∏µ‡πà‡πÄ‡∏ö‡∏ö‡∏µ‡πâ‡∏û‡∏¥‡πâ‡∏á,IG: ccheries,False,191,https://www.tiktok.com/@ccheries__
1,2186.0,236.0,82300.0,477.0,34.0,95.0,‡∏ô‡πâ‡∏≥‡∏´‡∏≠‡∏°‡∏ú‡∏π‡πâ‡∏´‡∏ç‡∏¥‡∏á‡∏Å‡∏•‡∏¥‡πà‡∏ô‡∏Æ‡∏¥‡∏ï ‡∏ó‡∏µ‡πà‡∏ú‡∏π‡πâ‡∏´‡∏ç‡∏¥‡∏á‡∏ó‡∏∏‡∏Å‡∏Ñ‡∏ô‡∏ï‡πâ‡∏≠‡∏á‡∏°‡∏µ #‡∏£‡∏µ‡∏ß‡∏¥‡∏ß‡∏ô‡πâ‡πç‡∏≤‡∏´‡∏≠‡∏° #‡∏ô‡πâ‡πç‡∏≤‡∏´‡∏≠‡∏°‡∏ú‡∏π‡πâ‡∏´‡∏ç‡∏¥‡∏á #‡∏ô‡πâ‡πç‡∏≤‡∏´‡∏≠‡∏°‡∏ú‡∏π‡πâ‡∏´‡∏ç‡∏¥‡∏á‡∏¢‡∏≠‡∏î‡∏ô‡∏¥‡∏¢‡∏° #‡∏ô‡πâ‡πç‡∏≤‡∏´‡∏≠‡∏°‡∏Å‡∏•‡∏¥‡πà‡∏ô‡πÄ‡∏ó‡∏µ‡∏¢‡∏ö‡πÅ‡∏ö‡∏£‡∏ô‡∏î‡πå #‡∏ô‡πâ‡∏≥‡∏´‡∏≠‡∏°layer,th,18,6211,0,0,26400,7463780293016880136,layerperfume,Layer Perfume,‡∏ô‡πâ‡∏≥‡∏´‡∏≠‡∏° Dupe ‡∏Ñ‡∏∏‡∏ì‡∏†‡∏≤‡∏û‡∏û‡∏£‡∏µ‡πÄ‡∏°‡∏µ‡πà‡∏¢‡∏° ‡πÄ‡∏£‡∏¥‡πà‡∏°‡∏ï‡πâ‡∏ô 99 ‡∏ö‡∏≤‡∏ó ‡πÉ‡∏ä‡πâ‡∏Å‡∏•‡∏¥‡πà‡∏ô‡∏î‡∏±‡∏á ‡πÅ‡∏ö‡∏ö‡∏™‡∏ö‡∏≤‡∏¢‡∏Å‡∏£‡∏∞‡πÄ‡∏õ‡πã‡∏≤ ‡∏õ‡πâ‡∏≤‡∏¢‡∏¢‡∏≤‡πÉ‡∏ô‡πÑ‡∏•‡∏ü‡πå‡∏ó‡∏∏‡∏Å‡∏ß‡∏±‡∏ô 21.00 ‡∏ô.,False,25,https://www.tiktok.com/@layerperfume
1,1382.0,12.0,44300.0,36.0,33.0,430.0,‡πÄ‡∏°‡∏∑‡πà‡∏≠‡∏â‡∏±‡∏ô‡∏ã‡∏∑‡πâ‡∏≠‡∏ô‡πâ‡∏≥‡∏´‡∏≠‡∏°‡∏°‡∏≤‡πÉ‡∏´‡πâ‡∏•‡∏π‡∏Å‡∏™‡∏≤‡∏ß @idoraperfume @gracy_pattanan #‡∏ô‡∏≤‡∏ô‡∏¥‡∏ô‡∏≤‡πÇ‡∏ô‡∏•‡∏π‡∏Å‡πÅ‡∏ù‡∏î‡πÅ‡∏°‡πà‡∏à‡∏≠‡∏¢‡∏à‡∏µ‡πâ #‡∏à‡∏≠‡∏¢‡∏à‡∏µ‡πâ‡∏£‡∏µ‡∏ß‡∏¥‡∏ß #‡πÄ‡∏û‡∏àj_jeans #‡∏ô‡πâ‡πç‡∏≤‡∏´‡∏≠‡∏°,th,1645,775900,467,0,24000000,6668865551891267586,joyjee69,‡πÅ‡∏°‡πà‡∏à‡∏≠‡∏¢‡∏à‡∏µ‡πâ,CEO ‡πÅ‡∏ö‡∏£‡∏ô‡∏î‡πå Chutimon ‡∏ù‡∏≤‡∏Å‡∏ï‡∏¥‡∏î‡∏ï‡∏≤‡∏°TT ‡∏ä‡πà‡∏≠‡∏á‡∏™‡∏≥‡∏£‡∏≠‡∏á: joyjee69‡∏™‡∏≥‡∏£‡∏≠‡∏á1 TT: joyjee69‡∏™‡∏≥‡∏£‡∏≠‡∏á2,False,2594,https://www.tiktok.com/@joyjee69
1,2695.0,213.0,94600.0,758.0,16.0,94.0,5 ‡∏ô‡πâ‡∏≥‡∏´‡∏≠‡∏°‡∏ú‡∏π‡πâ‡∏´‡∏ç‡∏¥‡∏á ‡∏Å‡∏•‡∏¥‡πà‡∏ô‡∏ô‡πà‡∏≤‡∏£‡∏±‡∏Å ‡πÄ‡∏ã‡πá‡∏Å‡∏ã‡∏µ‡πà‡∏´‡∏ß‡∏≤‡∏ô‡πÜ ü©∑ #perfume #‡∏£‡∏µ‡∏ß‡∏¥‡∏ß‡∏ô‡πâ‡πç‡∏≤‡∏´‡∏≠‡∏° #‡∏ô‡πâ‡∏≥‡∏´‡∏≠‡∏° #‡∏ô‡πâ‡πç‡∏≤‡∏´‡∏≠‡∏°‡∏ú‡∏π‡πâ‡∏´‡∏ç‡∏¥‡∏á,th,1115,7216,23,0,40300,7255950573828260870,aimmkun8,Aimmkun,‡∏ï‡∏¥‡∏î‡∏ï‡πà‡∏≠‡∏á‡∏≤‡∏ô‡πÄ‡∏ó‡πà‡∏≤‡∏ô‡∏±‡πâ‡∏ô ‡∏ã‡∏∑‡πâ‡∏≠‡∏ô‡πâ‡∏≥‡∏´‡∏≠‡∏°‡πÅ‡∏ö‡πà‡∏á @095puuiv Ig : aimmkun,False,75,https://www.tiktok.com/@aimmkun8
1,90.0,0.0,6116.0,15.0,10.0,15.0,‡∏™‡∏≤‡∏ß‡∏Å‡πÄ‡∏ã‡πÄ‡∏ß‡πà‡∏ô‡∏ï‡πâ‡∏≠‡∏á‡πÑ‡∏°‡πà‡∏û‡∏•‡∏≤‡∏î! ‡∏Ç‡∏≠‡πÅ‡∏ô‡∏∞‡∏ô‡∏≥‡∏ô‡πâ‡∏≥‡∏´‡∏≠‡∏°‡πÄ‡∏≠‡∏™‡πÄ‡∏ã‡∏ô‡∏™‡πå ‡∏´‡∏≠‡∏°‡∏´‡∏ß‡∏≤‡∏ô‡∏™‡πÑ‡∏ï‡∏•‡πå‡∏•‡∏π‡∏Å‡∏Ñ‡∏∏‡∏ì ‡πÉ‡∏ô 7-Eleven ‡∏ó‡∏µ‡πà‡∏ä‡πà‡∏ß‡∏¢‡πÄ‡∏û‡∏¥‡πà‡∏°‡∏Ñ‡∏ß‡∏≤‡∏°‡∏°‡∏±‡πà‡∏ô‡πÉ‡∏à‡πÉ‡∏´‡πâ‡∏Å‡∏•‡∏¥‡πà‡∏ô‡∏ï‡∏±‡∏ß‡∏´‡∏≠‡∏°‡∏°‡∏°‡∏•‡∏∞‡∏°‡∏∏‡∏ô ‡∏ï‡∏¥‡∏î‡∏ó‡∏ô‡πÑ‡∏õ‡∏ó‡∏±‡πâ‡∏á‡∏ß‡∏±‡∏ô ‡∏à‡∏∞‡πÄ‡∏•‡∏∑‡∏≠‡∏Å‡πÉ‡∏ä‡πâ‡∏Å‡∏•‡∏¥‡πà‡∏ô‡πÑ‡∏´‡∏ô ‡∏Å‡πá‡∏û‡∏£‡πâ‡∏≠‡∏°‡∏Å‡∏£‡∏∞‡∏à‡∏≤‡∏¢‡∏Ñ‡∏ß‡∏≤‡∏°‡∏´‡∏≠‡∏° ‡∏à‡∏ô‡πÉ‡∏Ñ‡∏£ ‡πÜ ‡∏Å‡πá‡∏ï‡πâ‡∏≠‡∏á‡∏´‡∏±‡∏ô‡∏°‡∏≠‡∏á ‡∏Ç‡∏ô‡∏≤‡∏î‡∏û‡∏Å‡∏û‡∏≤ 3 ‡∏°‡∏•. ‡∏£‡∏≤‡∏Ñ‡∏≤‡πÄ‡∏û‡∏µ‡∏¢‡∏á 29.- ‡∏Å‡∏•‡∏¥‡πà‡∏ô‡∏™‡∏ß‡∏µ‡∏ï‡∏ï‡∏µ‡πâ ‡∏Æ‡∏±‡∏ô‡∏ô‡∏µ‡πà (SWEETY HONEY) ‡∏Ñ‡∏ß‡∏≤‡∏°‡∏´‡∏≠‡∏°‡∏î‡∏∏‡∏à‡∏ô‡πâ‡∏≥‡∏ú‡∏∂‡πâ‡∏á‡∏ó‡∏µ‡πà‡πÅ‡∏™‡∏ô‡∏´‡∏ß‡∏≤‡∏ô ‡∏Å‡∏•‡∏¥‡πà‡∏ô‡∏ö‡∏•‡∏π‡∏°‡∏°‡∏µ‡πà ‡πÇ‡∏ô‡πâ‡∏ï (BLOOMY NOTE) ‡∏Ñ‡∏ß‡∏≤‡∏°‡∏´‡∏≠‡∏°‡∏ó‡∏µ‡πà‡∏û‡∏£‡πâ‡∏≠‡∏°‡πÑ‡∏õ‡∏Å‡∏±‡∏ö‡∏Ñ‡∏∏‡∏ì‡∏ó‡∏∏‡∏Å‡∏à‡∏±‡∏á‡∏´‡∏ß‡∏∞ ‡∏à‡∏∞‡∏™‡∏ô‡∏∏‡∏Å ‡∏™‡∏∏‡∏Ç ‡πÄ‡∏®‡∏£‡πâ‡∏≤ ‡∏Å‡πá‡∏´‡∏≠‡∏°‡∏ï‡∏¥‡∏ô‡∏ó‡∏ô‡∏ô‡∏≤‡∏ô 24 ‡∏ä‡∏±‡πà‡∏ß‡πÇ‡∏°‡∏á ‡∏î‡∏µ‡πÑ‡∏ã‡∏ô‡πå‡πÄ‡∏ó‡∏õ‡∏Ñ‡∏≤‡∏™‡πÄ‡∏ã‡πá‡∏ó‡∏™‡∏∏‡∏î‡πÄ‡∏Å‡πã ‡πÑ‡∏°‡πà‡∏ã‡πâ‡∏≥‡πÉ‡∏Ñ‡∏£ Ô∏è ‡πÉ‡∏ä‡πâ‡∏´‡∏±‡∏ß‡∏ô‡πâ‡∏≥‡∏´‡∏≠‡∏°‡∏à‡∏≤‡∏Å‡∏õ‡∏£‡∏∞‡πÄ‡∏ó‡∏®‡∏ù‡∏£‡∏±‡πà‡∏á‡πÄ‡∏®‡∏™ ‡∏û‡∏Å‡∏û‡∏≤‡∏á‡πà‡∏≤‡∏¢ ‡∏™‡∏∞‡∏ö‡∏≤‡∏¢‡∏Å‡∏£‡∏∞‡πÄ‡∏õ‡πã‡∏≤ ‡∏û‡∏¥‡∏Å‡∏±‡∏î : 7-Eleven ‡πÉ‡∏Å‡∏•‡πâ‡∏ö‡πâ‡∏≤‡∏ô . #bloomynotes #‡∏ô‡πâ‡∏≥‡∏´‡∏≠‡∏°‡πÄ‡∏≠‡∏™‡πÄ‡∏ã‡∏ô‡∏™‡πå #esxense #esxenseperfume #Allmember #‡∏ô‡πâ‡∏≥‡∏´‡∏≠‡∏°‡πÄ‡∏ã‡πÄ‡∏ß‡πà‡∏ô #‡∏ô‡πâ‡∏≥‡∏´‡∏≠‡∏°‡∏ï‡∏¥‡∏î‡∏ó‡∏ô #‡∏ô‡πâ‡∏≥‡∏´‡∏≠‡∏°‡πÉ‡∏ô‡∏ï‡∏≥‡∏ô‡∏≤‡∏ô #‡∏ô‡πâ‡∏≥‡∏´‡∏≠‡∏°‡∏ú‡∏π‡πâ‡∏´‡∏ç‡∏¥‡∏á #‡∏ô‡πâ‡∏≥‡∏´‡∏≠‡∏° #‡∏£‡∏∞‡∏á‡∏±‡∏ö‡∏Å‡∏•‡∏¥‡πà‡∏ô‡∏Å‡∏≤‡∏¢ #‡∏ô‡πâ‡∏≥‡∏´‡∏≠‡∏°‡∏ñ‡∏π‡∏Å‡πÅ‡∏•‡∏∞‡∏î‡∏µ #‡∏ô‡πâ‡∏≥‡∏´‡∏≠‡∏°‡∏û‡∏Å‡∏û‡∏≤ #‡∏Ç‡∏≠‡∏á‡∏î‡∏µ‡∏ö‡∏≠‡∏Å‡∏ï‡πà‡∏≠ #7Eleven #Sweetyhoney #Bloomynote,th,153,22300,6,0,305500,6849228248544674818,esxenseperfume,Esxense Perfume,‡∏ô‡πâ‡∏≥‡∏´‡∏≠‡∏°‡πÄ‡∏≠‡∏™‡πÄ‡∏ã‡∏ô‡∏™‡πå ‡πÉ‡∏ä‡πâ‡∏´‡∏±‡∏ß‡∏ô‡πâ‡∏≥‡∏´‡∏≠‡∏°‡πÅ‡∏ó‡πâ‡∏à‡∏≤‡∏Å‡∏õ‡∏£‡∏∞‡πÄ‡∏ó‡∏®‡∏ù‡∏£‡∏±‡πà‡∏á‡πÄ‡∏®‡∏™ FB : Esxense Perfume,False,112,https://www.tiktok.com/@esxenseperfume
